condition,0,0,0,0,0,0,0,0,0,0,0,24,24,24,24,24,24,24,24,24,24,24,48,48,48,48,48,48,48,48,48,48,48,12,12,12,12,12,12,12,12,12,12,12,72,72,72,72,72,72,72,72,72,72,72,0,0,0,0,0,0,0,0,0,0,0,12,12,12,12,12,12,12,12,12,12,12,24,24,24,24,24,24,24,24,24,24,24,48,48,48,48,48,48,48,48,48,48,48,72,72,72,72,72,72,72,72,72,72,72,0,0,0,0,0,0,0,0,0,0,0,12,12,12,12,12,12,12,12,12,12,12,24,24,24,24,24,24,24,24,24,24,24,48,48,48,48,48,48,48,48,48,48,48,72,72,72,72,72,72,72,72,72,72,72
temperature,37,38.5,42,43.3,45,47,48.5,52,53.4,55,REF,37,38.5,42,43.3,45,47,48.5,52,53.4,55,REF,37,38.5,42,43.3,45,47,48.5,52,53.4,55,REF,37,38.5,42,43.3,45,47,48.5,52,53.4,55,REF,37,38.5,42,43.3,45,47,48.5,52,53.4,55,REF,37,38.5,42,43.3,45,47,48.5,52,53.4,55,REF,37,38.5,42,43.3,45,47,48.5,52,53.4,55,REF,37,38.5,42,43.3,45,47,48.5,52,53.4,55,REF,37,38.5,42,43.3,45,47,48.5,52,53.4,55,REF,37,38.5,42,43.3,45,47,48.5,52,53.4,55,REF,37,38.5,42,43.3,45,47,48.5,52,53.4,55,REF,37,38.5,42,43.3,45,47,48.5,52,53.4,55,REF,37,38.5,42,43.3,45,47,48.5,52,53.4,55,REF,37,38.5,42,43.3,45,47,48.5,52,53.4,55,REF,37,38.5,42,43.3,45,47,48.5,52,53.4,55,REF
replicate,2,2,2,2,2,2,2,2,2,2,2,2,2,2,2,2,2,2,2,2,2,2,2,2,2,2,2,2,2,2,2,2,2,2,2,2,2,2,2,2,2,2,2,2,2,2,2,2,2,2,2,2,2,2,2,1,1,1,1,1,1,1,1,1,1,1,1,1,1,1,1,1,1,1,1,1,1,1,1,1,1,1,1,1,1,1,1,1,1,1,1,1,1,1,1,1,1,1,1,1,1,1,1,1,1,1,1,1,1,1,3,3,3,3,3,3,3,3,3,3,3,3,3,3,3,3,3,3,3,3,3,3,3,3,3,3,3,3,3,3,3,3,3,3,3,3,3,3,3,3,3,3,3,3,3,3,3,3,3,3,3,3,3,3,3
accession,,,,,,,,,,,,,,,,,,,,,,,,,,,,,,,,,,,,,,,,,,,,,,,,,,,,,,,,,,,,,,,,,,,,,,,,,,,,,,,,,,,,,,,,,,,,,,,,,,,,,,,,,,,,,,,,,,,,,,,,,,,,,,,,,,,,,,,,,,,,,,,,,,,,,,,,,,,,,,,,,,,,,
O95881,4284,4867.4,4620,4512.2,4948.3,5121.3,4872.8,3026.7,1883.2,2015.3,4657.6,8372.6,5655.2,5869.5,5888.1,5884,6678.3,6328.8,3957.9,3985.3,2497.4,5486.4,6754.1,7145.4,9033.8,6911.5,8076.2,7039.2,7166.3,4704.6,3744.2,3154.2,6677.3,3263.2,3474.5,3210.8,3384.8,3347,3440.9,3533.1,2052.5,1700.7,1217.7,2985.8,5292.9,5224.9,4859.8,5254.2,5094.6,4963.9,5181.4,3738.8,3345.7,2266.7,4738.8,6677.4,6921.4,6780.8,7369.2,6873.7,7507,7215.8,4299.6,4397.6,2964.3,6617.1,5722.7,5076.9,5478.2,4700.9,5198.3,5459.9,5144,3428.2,2736.1,2182.3,4554.5,6393.3,5386.8,6328.9,5249.2,6132.9,5907.9,6382.2,3723.8,3139.4,2642.9,5094.4,4025.2,4283.8,4987,4347.7,3861.6,3944.5,4144.8,3102.1,1366.8,1393.6,3491.9,4622.3,5244.5,4570,3667.5,4142.2,4246.7,4441.5,3012.6,2386.9,1991.3,4048.8,4109.7,3376,4046.5,3967.4,4075.5,4490.2,4206.1,2542.2,1800.8,1923.2,3420,3999.3,4203.7,4064.6,4173.1,3966.1,3866.7,3655,3010.4,2140.8,1675.4,5103.2,4199.3,3629.3,4609.4,4149.1,3898.9,3425.2,3906.4,2404.7,1709.1,1787,3417.8,3235.9,3390.8,3289.9,3190.3,2740.6,3249,3733,2078.5,1575.1,1392.8,3066.6,4448.8,4591.6,4537.8,4553.2,4273.7,3996.7,4471.7,2748.6,2008,1940.2,3175.2
O00330,2160.8,2261.8,2107.3,2136.1,2095.9,2009.1,2141.3,1772.9,1512.9,1277.9,1946.7,3438.8,2361.2,2500.6,2506.3,2665,3097.1,2947.8,2700.4,2888.8,1936.2,2588,3284.4,3388.8,4281.3,3126.3,3730.4,3343.9,3370.3,3046.9,2709.2,2324.3,3598,1343.8,1347.6,1263,1324.3,1274.6,1317.1,1427.6,1220.7,1050.2,817.5,1228,2281.8,2219.8,2067.5,2129.4,2247.3,2511.9,2251.7,2296.1,2166.1,1412.7,2367,1192.7,1241.6,1227.5,1243.6,1185,1213.9,1212.3,1077,1165.8,786.8,1235.6,2483.7,2230.5,2353.5,2078.9,2382,2459.9,2306.7,2122.6,1685.3,1529.1,2265.6,2675.4,2275.6,2615,2386.9,2746.7,2638.4,2882.9,2318.8,2149.4,1849.9,2784.4,2055.6,2259.3,2535.2,2246.2,1949.5,1958.3,2082.7,1974.3,1018.8,1202.9,1846.4,2104.1,2598.8,2047.8,1958.4,2099.1,2084.7,2246.8,1817.6,1529.9,1305.1,2552.2,2855.8,2374.8,2576.4,2630.1,2578.5,2731.1,2601.2,2276.2,1917.7,2057.1,2178.3,1821.2,1801.3,1509.4,1646.5,1809.5,1593.3,1708.4,1670.8,1392.3,1142.6,2308.4,2100,2219.5,2357.4,2409.8,2171.4,2378.6,2060,1848.4,1618,1518.5,1694.2,3246.3,3313.3,3204.2,2972.7,2808.2,3329.5,3329,2753.6,2376.8,2015.3,2985.7,4104.1,4125.1,3864.3,3995.6,3698.9,4008.4,4165.4,3390.2,2734.8,2546.2,3057.9
Q96GX9,2173.2,2437.7,2274.2,2306.6,2588.9,2505.7,2609.7,2243.3,2057.4,2075.7,2577.9,6350.5,4251.2,4419.2,4294.1,4381.2,5059.7,5214,4910.6,5064.6,4020.4,3903.9,2647.4,2768.1,3491.7,2700.7,3034.2,2639.2,2940,2505.1,2464.7,2263.3,2381.1,2248.4,2380.1,2310.4,2384.1,2512.8,2723.9,2785.6,2511.6,2376.8,2358.8,2372,3442.1,3352.9,3208.9,3457.6,3378.5,3388.6,3809.5,3293,3504.2,2878.9,2966.6,3412.5,3397.3,3470,3610.1,3515.6,3764.5,3789.2,3374.2,3961.1,3127.8,3622.6,1580.7,1534.2,1466.4,1428,1473.1,1548.2,1360.7,1340,1116.5,1137.9,1229.2,1793.9,1533.7,1782.1,1538.1,1829.9,1698.9,1872.4,1459.1,1469.7,1407.2,1617.5,2663.7,2893.4,3596.5,3196.5,2860.4,2796.6,2863.3,2788.9,1597.2,2059.4,2578.5,2705,3408.2,2740.9,2480.8,2670.3,2667.5,2903,2708.3,2347.3,2396.4,2730.9,2629.8,2370.4,2613.4,2640.6,2666.2,2868.4,2992.5,2467.5,2157.4,2810.6,2187.4,1453.4,1500.8,1339.7,1454.5,1389.7,1388.1,1374.9,1586.6,1490.4,1298.1,1692.5,1749.8,1578.1,1776.2,1774.3,1706.5,1590.1,1843.7,1678.5,1500.6,1772,1674.9,3356.7,3442.3,3396.7,3341.8,2892.4,3421.1,3838.7,3220.5,2777.5,2650.6,3138.1,3132.7,3359.6,3266.7,3371.1,3155.3,3102,3560.2,2876.2,2375.3,2851.9,2365.1
O76071,982.7,892.7,849.3,866,832.8,688.9,742.7,478.5,427.4,283.7,686.9,3248.2,2183.5,2398.7,2458.1,2375,2199.1,1884.8,1232.2,1271.2,780.3,1764.4,1358.2,1374.7,1792.9,1378.9,1536.3,1277.7,1074.7,706.5,599.6,520.4,1601.1,646.3,687.3,634.8,676.2,651.9,616.1,583.5,341.9,305.1,233.5,501.5,2123.5,2127.8,2048.3,2271,2174.7,1976.8,1848.2,1256.8,1230.5,769.2,1647.3,1686.2,1722.4,1752.5,1840.3,1742.6,1586.9,1390,954.6,992.4,695.5,1716.1,453,434.3,406,423.7,430.2,374.1,291.9,217.6,207.4,163.5,335.4,826.8,734.5,816.8,828.6,878.7,684.7,673.1,359.4,379.4,259.4,738.6,1461.4,1473.1,1909.7,1375.2,1493.4,1407.5,1237.6,962.5,519.3,567.3,1498.9,968.6,1179,984.8,996.3,1012.9,920.1,817.8,537.5,433.1,373,1187.5,742,695.6,706.1,691.2,632.6,605.5,574.5,386.2,347.8,303.3,504.1,923.1,1007.2,874.8,874.3,861.9,732,605.3,434.5,315.7,272.1,1015.3,1439.1,1580.3,1353.3,1626.6,1330.4,1427.1,986.2,632.4,504.8,423.8,908.1,728.4,854.9,803.2,789.8,629.1,693.5,655.7,414.7,306.6,255.2,642.8,1093.5,1004.6,958.5,1045.1,912.6,884.8,764,500.1,439.7,300.8,639.9
Q53EP0,3114.1,3276.2,2827.2,1909.7,1336.2,920.8,856.7,770.5,531.1,479.1,2876.4,7841.7,5427.3,5472.5,4521.4,2593.6,1665.1,1301.7,1021,1123.4,694.2,4826.1,4207.8,4277.6,5009.6,2902,1950.6,936.6,908.5,605.4,539.9,522.5,3983,2484.2,2500.4,2147.9,1615.2,900.8,506.8,523.6,453,291.9,241.4,2000.2,3430.4,3381.5,3048,2548,1647.6,1174.3,1076.1,1294.8,799.7,774.7,4432.2,5551.8,5722.1,4924.3,3701.4,2210.9,1407.6,1169.7,1060.4,863.4,642,5313.9,2164.5,1989.9,1802.6,1346.4,912.2,701.7,555.2,444.6,391.7,359.4,1854.7,999,862.4,953.1,669.3,553.6,355.8,318.9,226.6,229.8,201.6,803.5,1478.8,1188.6,1812,764.8,615.6,457.2,450.1,393.9,190.7,268,1621.1,1928.9,2422.7,1750.3,1283.7,912.8,659,591.8,411.9,347.3,299.9,2542.6,2221.9,1948.3,2052.4,1376.8,697.1,491.9,412.3,322.8,290.4,313.2,2003.6,545.3,549.3,482.2,464.6,286.6,173.7,226.3,176,119.7,124.8,696.9,1412.7,1355.4,1370.2,1192.6,559.2,369.3,301,276.4,224.2,226.5,1120.5,2394.8,2479.5,2151,1711.7,836.7,776.2,859.9,621.6,486.5,465.5,2180.1,2073.8,2210.7,1984.6,1642.7,1015.2,624.5,635.1,417.5,338.5,308.9,1820.4
Q13423,17780.8,19079,18832.6,17874.7,19114.1,18690.7,19557,15361.4,9779.9,6016,16572.3,30466.3,21100.7,21487.7,21034.2,21069,23553.4,24415.7,19510.8,16169.4,7758.2,18701,19084.2,20439.5,26340.7,19165.6,23453.7,20192.4,20186.2,18738.9,12189,7803,20060.2,15229.8,15703.6,15267.1,15550.1,16432.9,16109.7,17245.8,13457.3,9888.9,5949.1,14505.8,22886.2,22020.1,21228.3,21713.3,22452,22273.5,23738.7,19860.6,16485.8,7925.2,19662.4,16058.2,16390.4,16479,16758.7,16236.1,16639.9,17140.2,14460.1,12834.9,5949.1,16342.9,15441.7,14348.2,14201,12396.2,14228,14609.5,13979.4,12518.9,8120.9,4776,12541.4,14263,12070,13836.7,11494.1,13716.3,13540.4,15836.5,11696.8,8590.1,4828.6,13544.9,14901,16196.9,18466.3,15749.2,14280,14615,16065.6,14302,6358,4504.9,12941.2,14508.6,18349.3,14470.9,12505.1,14105.1,14138.1,16040.3,12666.5,8555.9,5186.3,15114.9,13324.9,11237.2,13071.7,12782.6,12973.3,14356.5,14024.1,10650.3,6869.1,5108.3,11332.5,11792.3,12015.2,11012.8,11928.9,11792.2,11135.2,11571.6,11107.5,6582.4,3978.1,14082.5,13730.9,12667.5,13754.2,14343.2,13174.4,12514.9,12978.8,10586,7630.5,5105.7,11735.9,12927.4,13649.7,13093.2,12204.2,11279.3,13158.4,12827.7,9672.1,6780.5,3782.4,10938.4,19100.2,19566.2,19013.8,19120.8,18300.4,18686.4,20383.9,15077.8,9864,6521.7,14427
O15066,905.5,816.7,851,859.7,762.6,624.9,545.4,157.1,132.2,101.2,839.8,3924,2747.8,2666.5,2577.8,2601.5,2742.8,1637.1,648.9,580.9,436.1,2721,2035.7,1986.7,2163.9,2115.4,2466.6,1905.4,1631,669.1,641,489.8,2158.3,1185.4,1227.2,1089,1173.8,1120.3,1023.3,921.8,304.5,256.3,172.8,1180.5,3537.3,3668.3,3458.7,3411.1,3366,2937.1,2462.5,844.4,737.4,523.2,3589.8,552,512.7,520.2,554.3,525.9,423.8,363.5,101.1,92.4,48.9,619,707.9,762.2,716.5,732.7,681.1,673.8,487.5,294.9,270.6,204.6,689,225.4,201.6,223.7,193.3,224.7,177.4,177.7,50.5,46.1,32.9,235.3,538,397.5,695.2,395.9,458.3,454,393.9,217.2,98.2,104,897.2,1860,2365.7,1869.5,1752.6,1822.9,1588.2,1413.5,575.3,405.9,364.9,2154.1,717,579.5,602.2,611.5,530.3,531.4,490.9,181.1,186.7,143.8,616.8,744,713.2,620.9,668,694.9,590.9,513,207.7,155.2,123,935.2,208.5,204.3,259,248.2,216.3,196.7,144.8,46,33.2,18.7,176.2,1473.9,1504.6,1419.7,1551.2,848.4,1101.8,966.5,446,374.8,319.8,1212,1526.3,1569.2,1428.6,1577.2,1477.6,1197.9,1114.6,326,306.8,199.3,1100.4
P62875,820.3,867.1,811.9,776.5,742.3,492.4,337.3,183,159,137.9,817.4,2114.8,1472.6,1467.9,1471.5,1295.7,1111.4,851.5,525,541.3,426.2,1536.8,1317.2,1431.3,1761.9,1362.4,1497.4,1004,919.6,639.5,565.1,714.3,1623,832,893.9,829.2,823,781.5,722.5,556.3,360.4,279.4,277.2,765.2,,,,,,,,,,,,,,,,,,,,,,,1076.8,989.3,927.1,837.8,804.8,625,401.4,288.6,285.6,230,959.2,548.8,476.7,514.5,420.3,483.3,326.5,311.6,186,195.8,148.1,570.4,,,,,,,,,,,,154.5,196.7,149.6,125.6,121,85,53.3,23.2,29.9,21.8,309.2,1675.4,1425,1463.3,1466.9,1228.6,953.3,688,435.4,347.3,365.2,1350.4,686.2,763.4,731.5,779.5,670.2,455.7,307.5,239.6,178,150.9,1022.8,1573,1640.4,1470.1,1657.4,1345.1,978.4,619.6,337.7,289.9,300.2,1378.1,820.3,786.2,800.5,727.2,615.6,493.8,393.8,250,195.3,168,937.8,1823.8,1635.9,1644.7,1651.7,1426.1,1182.6,1077.8,799.4,664.4,760.3,1675.5
Q9UIJ7,5136.5,5080.9,5010.8,4838.2,4984.5,4958.7,5310.7,4617.2,3982.6,3251.1,5181.4,9144.8,6361.8,6485.3,6397.9,6307.7,7152.2,7675.7,6316.9,6541.5,4478.9,5879.6,7076.8,7644.4,9923.3,7346.8,8806.3,7446.9,7634,6710.3,5612.3,5399.8,7046.1,2446.9,2509.5,2453.9,2464.5,2623.8,2609.7,2940,2375.2,2086.7,1799.2,2446.3,6453.1,6350,6140.1,6167.5,6405.6,6317.9,7160.8,5836.6,5843.6,4129,4930.9,4059.9,4179.9,4210.1,4337.5,4226.4,4425.4,4448.2,3832.5,4173.4,2911,4991,8040.7,7393.2,7519.4,6837.2,7518.6,7785.8,7431,7042.6,5521.6,5376,7608,7668.4,6593.4,7464.1,6256.8,7399.9,7149.1,8377.5,6466.2,5864,5106.1,7145,7458.5,8216,9211.5,8202.9,7311.7,7356,8285.3,7829.2,4187.2,4951.5,6945.7,5946.4,7790.9,5934.9,5284.2,5813.8,5992.9,6791.5,5774.4,4689.2,4101.9,5886.9,3890.7,3224.3,3488.2,3566.3,3450,4070.5,3980.7,3547.6,3032.1,3089.5,3242.9,3841.3,3984.5,3474.6,3737.6,3764.5,3456.9,3710.1,3824.5,3311.7,2542,5090,5184.9,5107.5,5418.8,5633.4,4990.4,5201.8,4899.1,4297.9,3657,3397.7,4281.5,4969.4,5117.9,4916.9,4707.7,4239.8,5030.3,5147.8,4221.4,3594.9,3040.2,4135.7,8400.3,8404.2,8364.5,8330.8,7931.3,8373.5,9078.1,7227.2,5659.9,5565.9,5664.1
O60942,1065.8,1203.3,1129.6,1033.3,1123.6,756.3,481.5,361.6,250.7,309.1,1123.1,1141.1,804.1,774.2,699.8,643,433.1,272.8,162.4,141.4,123.9,672.5,226.1,247,268.1,199.5,207.9,109.1,52.1,29.7,27.1,24.6,194,834.4,855.2,732,691,645.2,403.2,235.4,116,110.3,86.4,569.8,487.2,483.5,472,491.9,381.5,233.4,119.4,73.1,62,44.8,500.5,325.1,345.2,357,321.5,265.2,173.9,99.4,58.2,40.2,34.9,397,442.2,438.7,389.9,344.1,274.1,152.7,52.5,33.6,24.9,26.3,334.7,507.6,440,482.4,433.8,409.2,241.4,159.7,79.5,86.4,73.1,388.2,209.6,211.4,217.6,180,128.4,86.6,39.4,21.8,10.5,20.6,199.6,465.8,573.2,416.2,397.2,386.4,259.7,160.3,82.5,45.1,41,587.4,171,158.8,137.5,126,102.8,58.9,18.1,7.7,13,9.8,129.2,184.4,236,245.9,266.3,201.2,140.2,67,64,40.3,30.8,375.6,537.7,510.8,474.6,435.4,464.5,234.2,207.9,112,95.5,107.8,559.8,373.1,371.1,343.8,293.4,231.6,176.4,84.9,45.5,35,34.6,443.7,722.9,738.4,693.1,645.6,521.5,358.3,256,130.5,98,112.3,648.9
Q6F5E8,,,,,,,,,,,,400.4,265.8,280.5,305.7,295,259.1,245.5,236.4,213.5,150.2,241.1,440.9,381.1,413,358.8,361.7,289.7,309.3,310.3,261.1,207.3,288.6,,,,,,,,,,,,,,,,,,,,,,,16.4,21.4,18.4,18.7,20.4,21.9,25,16.9,13.9,12.8,19.3,,,,,,,,,,,,151.8,117.3,128.3,169.4,152.6,105.3,94.9,204.7,92.7,67.9,66.8,373.6,371.6,483,354,392.2,373.9,325.4,704.7,70.3,230.7,267.4,,,,,,,,,,,,,,,,,,,,,,,69.6,74.4,53.9,49,57,51.8,63.5,49.6,41.8,25.3,82.2,,,,,,,,,,,,,,,,,,,,,,,69.4,74.9,56,67.7,74.4,69.5,86.2,51.7,58.2,42.5,43.8
Q00577,3673.8,3843,3868.8,3633.9,3942.2,4000.2,4261.9,3760.7,3182.7,3149.8,3984.3,7423.3,5145,5214.5,5281.9,5225.7,6078.9,5120.5,5117.1,6220.6,4569.3,5195.1,2039.2,2226,2685.1,2265.6,2826.8,2412.6,2384.8,2091.3,1830.7,1956.4,2674.9,2842.8,2881.6,2882.9,3016.2,3120.2,3225.2,3318.4,2696.8,2515.1,2320.3,2832,4418.3,4426.8,4301.2,4320.2,4416.8,4414.9,4596.1,4090.9,4574.4,3478.5,4937,3344.2,3430.7,3519.9,3606.4,3403.5,3739.7,3802.7,3518.8,3963.3,3024.6,3872.8,2819.6,2693.3,2732.9,2617.3,2715.2,2848.9,2786.7,2702.2,2180.5,2389.9,2732.6,3997.6,3506,3987.8,3323,4069.6,3706.3,4699.7,3761.9,3681.3,3561.3,4076.9,3175.2,2843.1,3894,2370.2,2955.6,2896.7,2984.2,3454.5,2026.3,2636.2,3353.8,3269.6,4198.1,3306.4,3028.8,3301.5,3330.9,3748,3272.9,3032.9,3021.1,4057,3446.2,2926.2,3352.3,3230.2,3213.1,3587.2,3612.7,3187.6,2632.3,3325.6,3016.5,1985.1,2054,1794.9,2007.9,1968.5,1916.5,2119.7,2245.4,1735.4,1781,2505.3,2168.8,2003.9,2539.3,2381.3,2148.8,2079.7,2181.5,2035,1786.3,2064.9,2192,2604.6,2653.2,2575.6,2619.7,1920.1,2561.4,3134.6,2390.1,2289.4,2057.7,2574.8,3598.4,3762,3507.2,3706.2,3580.6,3470.6,4056,3069.9,2750.9,3077.4,3170.8
Q9C0J8,296.5,286.8,314.9,305.5,308.2,302.8,309.9,180.6,117.7,136.1,528.4,,,,,,,,,,,,,,,,,,,,,,,243.9,286.2,234.9,244.9,260.2,299.9,291.2,145,111.9,93.4,678.9,,,,,,,,,,,,142.8,164.5,137.6,153.8,171.9,123.1,124.7,77.1,65.4,44.2,273.1,227.7,347.7,232.9,284,398.1,395.2,268.5,214.7,147.6,105.2,530.3,402.5,403.4,502,364.5,443.1,353.2,409.6,238.9,199,216.3,769.4,,,,,,,,,,,,134.4,161.4,137,117.5,154.1,123.9,136.5,98.6,64.8,51.8,386.6,99,131,89.4,100.3,87.9,87.7,88.9,39.7,43.8,30.7,200,167.7,137.9,94,75.9,102.5,59.1,92.5,44.7,29.9,21.9,216.3,190.3,204.5,87.5,179.3,124.6,58.1,38.3,21,12.4,8.8,170.7,,,,,,,,,,,,,,,,,,,,,,
Q9UGI8,3664.9,3738.4,3629.9,3634.4,3733.4,3609.6,3830.3,2025.2,933.1,665.4,4286,11271.1,7687.7,7730.8,7262.6,7228.6,8595.1,8790.9,4656.8,2641.6,1471.1,7078.2,6710.1,7364,9670.3,7333.2,8622.7,7477.6,8010.3,4361.6,2449.1,1958.1,7024,4258.8,4547.4,4575.4,4717.3,4937.2,5084.7,5399.2,3033.8,1524.4,1256.7,5562.3,9240.7,8899.6,8629.7,8570.5,9127.9,9008.7,9669.2,5633.4,3564.5,1937.7,8513.9,2562.8,2714.6,2659.7,2682.2,2705,2918.7,2999.5,1536.1,824.3,434.8,4145.7,3586.7,3309.1,3484.5,3072.9,3566.9,3766.6,3422.9,2010.8,1159.3,895.2,4105.2,3491.2,3146.5,3454.3,2701.8,3435.7,3554.9,3975.6,1819.9,914.1,632.4,3709.3,6109.5,6815.1,7651.4,6807.8,5950,6376.8,7067.4,4374,1525,1512.3,6258.7,2755.6,3321.7,2709.1,2369.8,2695.6,2669.7,3064.5,1779.2,893.8,627.1,2628.3,3826.9,3121.9,3576.7,3669,3532.6,3861.8,3825.4,2104.8,1043.7,938.5,4302.8,1967,1900.2,1662.4,1841.7,1809.5,1722,1871.2,1163.9,555.4,342.5,2503.2,4546.1,3918.5,5327.3,4566.6,4238.4,3914.4,4301.8,2488.1,971.5,646.5,4248.2,6279.5,6704.5,6390.3,6079.1,5612.3,6873.8,8418.3,4086.7,2115.6,1351.1,5733.1,7236.9,7542.7,7444,7212.1,6894.8,7157.5,8023.4,4566.7,2521.9,1853,5708
Q13185,4774.1,5311.4,5321.6,5522.5,4808,4254.3,3139.5,1545.8,1047,949.5,9338.3,7507,5265.6,5437.6,5386.6,5644.8,4845.7,3129.6,1673.1,1772.5,1074.2,11440.3,1590.3,2137.3,2257.8,1887.1,2739.9,1825.8,1381.4,812.7,562.5,554.9,8741.1,3836.2,5155.7,4252.3,4726.3,4351.4,4182.8,3746.6,1596.4,1158.5,1007.3,7346.2,2081.6,2572.9,2292.5,2213.5,1892.8,1719.1,1554.9,1114.1,841.2,651.7,13391.8,5220,5834.4,5158.4,4721.9,5731.3,4328.8,3759.8,1554.2,1435.8,998.6,8440.3,3334.9,3673.2,3181.9,2364.5,2761,2951.5,2039.3,1091.7,948.3,873.3,6375.3,3370.9,3164,3669.9,2415.7,3127.2,2274.6,2173.5,1007.5,893.3,787.3,7212.6,2105.6,2440.3,1994.1,3776.8,1698.2,1305.2,1747.6,1031.5,421.3,482.3,6713.1,2383.3,2666.2,2210.5,1554.4,2021.8,1868.7,1780.7,1127.3,649.1,683.5,12608.2,3504.1,3647.2,3739.2,3694.6,3393.2,3196.2,2798.1,1313.6,1006.5,943.7,5594.5,1749.6,1595.6,1631.9,1725.3,1535.3,1154,1129.7,647.2,334.8,329,4626.1,1509.8,1255.7,2019.8,1606,1578.6,1077.6,1106.4,517.8,365.7,344.6,3097.6,2643.9,2628.7,2883.3,2912,1239.6,1560.6,1796,880.5,701.5,662,9110.8,2582.6,2809.3,2468.4,2719.6,3011.7,1794.5,2095.6,1008.2,731.9,644.8,9916.8
P52951,,,,,,,,,,,,,,,,,,,,,,,585.1,642.5,727,462.4,429.4,259.6,229,170.1,124.1,139,418,137.2,151.2,145.9,126.7,111,86.3,89.2,69.3,54.8,36.1,112.3,,,,,,,,,,,,,,,,,,,,,,,,,,,,,,,,,,135.6,112.9,114.8,94.4,86.8,54.6,48.4,35.7,29.5,25.5,79.4,190.6,176.3,205.4,101.9,114.4,74,59,50.9,25.1,22.1,99.6,,,,,,,,,,,,,,,,,,,,,,,,,,,,,,,,,,,,,,,,,,,,,181.7,191.3,223.4,181.3,155.5,163.3,91.5,94.8,56.7,62,186.4,,,,,,,,,,,
Q96A46,,,,,,,,,,,,248.9,164.5,194.2,162.8,184.3,179.3,148.5,134.3,132.2,98.8,195.6,,,,,,,,,,,,,,,,,,,,,,,,,,,,,,,,,,,,,,,,,,,,,,,,,,,,,,,,,,,,,,,,,,,,,,,,,,,,,,,,,,,,,,,,,63.9,50.9,56.1,54.4,53.5,62.1,61,57,50.2,47.9,28.7,,,,,,,,,,,,,,,,,,,,,,,,,,,,,,,,,,,,,,,,,,,,
Q15750,1200.1,1083.8,1101.9,1070.6,980.6,724.1,510.6,305.2,257.2,175.3,800.5,1336,930.1,943.5,975.3,922.8,704.5,452.1,350.3,325.3,215.5,956.8,557.5,525.8,685.5,506.1,549.7,377.6,292.8,207.7,224.6,198.9,820.3,570.3,601.3,548.2,588.6,567.7,471.7,389.8,286.4,220.2,181.4,518.8,,,,,,,,,,,,1572.4,1579.3,1567.4,1688.3,1475.6,1162,871.9,686.7,643.9,513.5,1779.7,,,,,,,,,,,,60,50.1,54.8,53.1,66.1,41.1,34.4,25.8,26.9,15.5,45.9,,,,,,,,,,,,,,,,,,,,,,,,,,,,,,,,,,347.1,407.4,314.2,336.8,304.6,200,125.7,84.2,88.4,56.8,339.6,327.6,312.1,338.9,357.7,283.8,227.6,112.8,85.3,68.8,52.5,252.7,832.4,854.8,829.2,820.8,695.1,609.1,480.7,299.2,247,225.7,907.1,114.8,91.4,101.6,104,87.6,85.5,60.2,41.8,66.8,35.2,71.7
P57105,2298.4,2234.1,2142.5,2150.1,2279.5,1896.7,1690.8,864.7,717.9,456.6,2204.4,2547.4,1755,1791.6,1879.3,1806.3,1942.7,1677.5,814.5,681.1,462.3,1612.9,588.3,531.9,621.3,514.8,577.7,444.3,457.3,202.5,221.2,232.3,378.3,232.3,169.3,166,167,172.9,155.6,148.9,87.5,75.7,42.4,126.7,1533,1578.8,1444.6,1505,1504.5,1348.6,1324.7,769.2,673.5,440.1,1941.9,1275.4,1319,1343.1,1304.6,1273.5,1337.4,1161.3,678.6,632.3,412.6,1372.4,486.2,446.6,480.5,539.2,475.7,446.5,354.9,207.9,167.6,102.8,320.5,,,,,,,,,,,,755.3,739.4,901.8,830,701.8,571,589.9,363.7,180.5,160.8,736.5,344.4,407.8,306.6,325.4,322.7,312.6,310.8,154.8,118.1,83.4,317.1,579.4,450.6,465.3,451.9,435.6,458.2,370.7,176.5,135.6,105.3,286,751.9,776.7,687.4,693.3,752,669.5,564.5,359.6,305.6,198.4,877.9,941.5,911.9,1075.8,1054.5,875.8,825,708.8,411.9,346.3,326.7,829.6,463.6,453.5,447.3,435.3,385.7,410.6,378.5,230.2,171.6,155.8,441.6,1094.2,1074.7,998.5,1044.3,1029.9,960.8,978.2,532.9,386.4,338.7,938.3
P45974,11294.4,11226.7,11162.1,10828.1,11105.8,10493.2,10472.3,5703.8,3933.1,2685.4,9398.3,16392.6,11277,11600,11362.6,11353.9,12351.2,11883.7,6358.4,5333.7,3032,10046.6,6964,7356.3,9277.7,7216.2,8193.1,6921.9,7235.9,4116.8,3067.2,2308.5,7885.6,10202,10308.5,9883.4,10146.7,10339.2,10111.9,10371.4,5855.8,4019.4,2965.6,8856.1,13149.5,13085,12229.8,12809.1,12899.7,12679.3,13114.6,8120.2,6956,3991.7,12937.4,11599.7,11799.2,11906.9,12311.6,11561.3,11592.2,10976.1,6302.2,5731.5,3159,10592.2,7670.5,7238.7,7415,6982.7,7198.6,7080,6231.8,4009.7,3144.3,2449.3,6694.7,7330.2,6491.6,7247.2,6652,7315.3,6680,7063.1,3673.2,2765.3,2029.8,6283.1,8698.7,9846.8,11052.1,10424.8,8685.1,8438.6,8571.3,5693.5,2574,2393.5,8027.7,9313.6,11391.6,9083.4,8298.1,9158.7,9134.3,9580.2,5886,4247.3,3079.2,9718.3,14638.9,12124.9,13467.7,13707.4,13169.2,14060.6,13632.8,7509.9,4927.6,4274.1,11771.2,9820.9,9903.5,8920.2,9634.8,9458.3,8729.7,8695.2,5723.9,3653.4,2448.4,12172.9,11650.5,10961.7,11759.3,12590,11326.2,11027.3,10637.7,6066.5,4019.9,3060.6,9527.5,10666.9,11577.3,10763.3,10336,9283.6,10754.6,11508.3,6243.3,4189.1,3000.4,9651.2,14660.6,14941.9,14785.4,15062.8,14494.6,14646.8,15625.8,9048.4,5937.4,4880.3,12554.3
P04075,32560.4,31963,30757.9,30497.3,32811.3,31715.4,34767.4,31031.1,31798.5,28673.1,28556,51946.7,36208.8,37523.9,39014.6,37386.4,42550.4,45532.1,40133.8,46207.5,34024,34806.4,47738.9,49393,61268,47211.9,53395.7,47557.2,52761.9,44365.6,44455.5,41506.5,43179,45282.6,44658,41392.4,42859.7,43583,45747,48695.3,43634.1,43236.2,38632.7,38737.9,35442.2,36473.3,33023.7,36022,34721.6,34958.9,38540.7,35240.8,39824.3,30109.8,34996,35119.9,35364.2,36067.7,37850.9,35709.6,37960,38491.9,36272.5,44402.6,36539.1,35537.1,55759.2,53950.9,53199.7,54993.5,54191.5,57314.9,53311,52204.5,48102.9,48002.9,45198.9,45755.7,40371,44833.6,42308.8,46586,44555.1,49486.2,40621.4,42636.3,38716.7,39215.9,38607.8,43173.1,49953.9,47737.2,40026.1,39920.6,43176.2,42071.5,26927.7,30542.7,33420.5,29157.9,35667.5,28096.2,28102.9,29190.8,28874.3,31522.4,28483.8,28106.8,26343.2,30767,27383.4,22842.3,24345.4,25249.1,24537.4,27359.1,27437.8,25960.8,23027.5,24799.8,22436.1,19385.7,20144,17614,18379.8,18469.1,17632.5,18475.5,22054.8,22892.2,17939.8,26353.7,25789.8,25115.5,26045.9,26736.7,23967.2,24692.9,24359.2,22971,21945.6,22832.8,21602.2,24431.4,25446.7,24285.3,22918.8,21313.4,25014.5,32765.6,22367.1,20429.8,19814.1,22823.5,31925.8,31365.5,31431.2,31244.8,28669.8,30733.9,32820,28812.5,25645.4,27317.9,26293.8
O43617,3294.9,3291.3,3263.5,3122.5,3209.6,3180.6,3095,2505,2004.3,1745,4013.3,3451.4,2406.8,2346.5,2307.5,2304.4,2833.9,2875.4,2236.4,2240.2,1542.6,2650.7,1332.9,1519.5,1912,1460.3,1733.8,1483.1,1558.5,1159.5,964,872.4,1454.2,886,851.7,790.5,769.3,771.5,787.5,818.3,572.1,556.4,394.4,613,2973.5,2738.2,2672.8,2852.1,2862.8,2785.9,2938.8,2228.2,2381.1,1775.3,3634,3109.7,3132.5,3120.7,3195.9,3133.7,3254.9,3024.8,2755.6,2907.1,1983.6,4029.8,3107.6,3053.1,3014.2,2949.6,3035.6,3144.2,2604.3,2326.8,1931.7,1609,2672.3,3715.9,3298.1,3642.1,3174.3,3735.2,3578.3,4009.7,2871.8,2508.8,2261.9,3751.9,1937.5,2153.6,2447.6,2024.9,1892.6,1856.7,1952.4,1694.4,941.3,951.4,1930.7,1380.5,1725.8,1407.4,1392.7,1482.5,1404.9,1386.6,1114.3,920.1,788.1,1739.7,2574.7,2122.6,2259.7,2236.3,2129.7,2121.9,2168.1,1812.3,1454.1,1329.7,2470.8,1431.6,1458.4,1222.5,1257.7,1356.9,1169.1,1238,1357.9,1425.1,800.7,2842.5,1188,1089.1,2187.8,1000.9,1075.4,951.1,1129.6,1005.4,883.3,852.7,1319,1747.3,1827,1750.7,1578.6,1459.2,1648.8,2297,1239.8,1077,879.2,2216.2,991.9,994.3,1034.7,956.6,919.5,874.6,945.9,681,530,487.5,1722.7
Q9BSJ2,5750.2,5687.2,5431.2,5266.1,5181,4268.1,3462.3,1762.5,1367.2,1059.6,5222.9,5116.4,3544.2,3543,3479.7,3211,2918.2,1899.1,811.2,774,528.6,4003.5,1337.5,1362.6,1647.2,1357.3,1567.2,1221.9,1093.2,704.3,560.2,583.9,2081.7,1181.4,1237.2,1235.4,1247.1,1234.2,1085.5,884.9,460.1,349.4,282.5,1209.1,4390.7,4149.8,3948.7,3920.2,3975.1,3381.2,2754.8,1247.8,1155.9,779.9,5467.9,5233.9,5405.5,5390,5397.7,4980.3,4369.8,3408.3,1734.7,1667.2,1147.5,6510.2,2122.3,2008.8,1977.5,1771.3,1892.1,1775.7,1329.3,837.9,694,612.1,2151.8,1788.8,1556.3,1825,1482.7,1726.5,1477.8,1341.3,682.3,502.9,380.3,1922.5,742.9,742.8,939.5,675.7,725.4,686.4,610.8,500,237.9,246,916,727.6,951.8,748.9,670,717.8,617.5,525.3,200.4,133.2,87.5,1002.2,2481.4,2084.9,2469.5,2334.7,2282.1,1894.1,1491.8,645.7,633.8,574,2388.7,1465.3,1570,1510.5,1595.4,1453.7,1255,925.2,648,357,314.8,2090,3089.2,3036.4,2983.4,3236.4,2862.6,2346.3,1690.7,778.4,611.3,544.1,2724,1773.5,1877.3,1728.3,1730.6,1514.9,1542.6,1130.2,527.3,524.7,304.3,2131.5,2144.8,2269.9,2229.6,2296,2275,1932.7,1778.9,1013.4,731.6,704.7,2545.8
P0DPB6,279.6,286.4,272.7,265.8,274.2,192.1,153.2,96.9,92.3,85,287.2,339.4,225.5,238.2,224.8,199,125.4,53.4,30.7,60.9,23.2,257.5,477,464.1,610,468.7,487.8,295.9,256.7,202.1,173.2,158.5,671.7,,,,,,,,,,,,425.9,413,433.7,441.2,407.9,270.5,237.1,152.8,141,95.6,539.3,,,,,,,,,,,,642.6,660.2,602.1,652.6,593.9,463.6,321.3,224.3,200.7,158.5,577.7,1065.9,948.9,1074.7,930.2,1010.8,678.9,553.8,402.9,405.4,314.7,1115.6,302,324.1,375.5,259.4,253.5,193.5,130,149.9,43.2,51.9,372.6,395.6,460,345.1,403.8,349,259.5,214.4,164.9,200.4,117.9,487.7,489,336.7,398.7,365.9,360,203.9,138.4,107.4,82.5,87.3,311,243.1,266.5,195.9,196.8,198.5,129.6,88.6,46.9,46.2,34.6,278.6,292.4,270.2,235.2,255.7,238.5,130.5,87.2,51.1,37.5,25.3,245.9,408.8,379.9,370.1,328,273.2,179.4,186.8,95.4,69.9,60.7,404.6,512.1,464.8,457.4,456.4,393.2,248.9,182.4,133.2,116.6,89.5,428.9
Q8NHQ8,399.4,340.1,329.5,326.8,312.4,202.3,175.3,105.9,94.3,79.2,272.4,,,,,,,,,,,,207.2,170.7,201,166.2,179.8,127.4,88.8,71.3,78.6,45.1,136.1,,,,,,,,,,,,,,,,,,,,,,,401.5,380.1,385.8,397.3,328,243.8,159.3,69.3,89.6,55.5,325.2,,,,,,,,,,,,294.7,280.8,355.1,231.5,322.3,218.8,214.2,154.7,107.5,94.7,607.1,181.1,182,239.5,200.5,193.4,151.7,81.2,97.6,63.7,39.6,130.2,,,,,,,,,,,,,,,,,,,,,,,165,161.7,130.9,121.6,120.2,85.2,86.5,46.5,45.6,28.7,121.2,68.9,97.3,65.8,78,51.6,71.3,32,31.7,23.4,21.1,32.7,252.4,264.6,261.9,246.6,206.1,184.4,155.8,79.9,52.5,53.3,264.1,129,130.1,110.6,117.7,111,90,60.4,36.9,43,18.7,115.5
Q71RC2,5445.4,6082.3,5870.3,5538.3,5423.6,3625.5,2617.9,1492.7,955.7,1015.1,9179.9,6170.6,4365.6,4352.5,4144.3,3790.9,2973.2,1798.6,1123.4,1065.6,770.6,5885.3,3632.1,3883.6,4897.5,3882.2,4442,2829,2152.1,1015.4,688,1021,8617.7,2296.8,2578,2341,2345.7,2281.6,1708.9,1399.8,673.2,564.3,445.6,2385.3,3559.6,3579.8,3551.2,3426.7,3210.7,2366.9,1822.3,996.9,930.5,706,6118,3329.9,3274.5,3322.3,2885.2,2765.5,2019.8,1485.9,1437.2,2884,3344.5,6315.7,5402.6,5005.2,5108.9,4628,4089.5,3311.4,2547.4,1829.7,1383.4,3392,7778.2,4338.8,3935.3,4280.4,3618.4,3829,2684.2,2499,1609.7,2273.2,3716.5,7069.4,4133.1,3343.3,4818.2,2940.9,3233,2914.8,2552.4,1721,1060.6,2262.4,7618.7,2455.9,2838.8,2418.3,1925,1991.6,1670.8,1348.3,880.9,699.8,904.7,5026.9,3189.4,2924.3,2928.5,2951.9,2611.7,2105.8,1569.8,1008.1,822.8,827.7,3283.3,1838.4,2075.7,2061.4,2092,1800,1253.2,910.1,582.4,496.5,409,4243.5,1803.2,1710,1761.2,1850.7,1571.6,983.6,774.4,420.5,357.8,353.3,2367.2,2043.6,2165.5,1918.3,2053.5,1310.8,1271,1070.3,603.2,467.2,424.5,2319,2233.9,2365.6,2147.6,2350,2127.2,1453.3,1313,651.5,527.2,494.4,2404.5
Q86SQ0,1445.1,1570.9,1407.1,1335,1180.8,863.6,769.5,524.3,393.7,331.8,1742.6,5076.1,3524,3373.7,3169.1,2735.4,2161.2,1511.3,1183.6,1002.1,873.2,3669.7,1848.6,1806.5,2151.7,1992.2,2205.7,1313.2,1011.7,761.3,543.2,514.5,2183.5,1280.1,1468.8,1385.2,1380,1187.1,778.6,651.3,399.5,300.7,250.1,1536.9,2595.5,2589.7,2396.9,2280.2,2045.4,1301.5,957.7,532.6,505.6,367,3012.5,1787.5,1862.2,1609,1525.2,1245.5,825.6,634.8,374.3,382,289.6,2331,840,779.2,782.8,699.6,592.7,462.6,411,311.7,259.1,308,868.3,1317.8,1175.8,1325.7,1055.8,1094.9,814.3,835.3,568.3,502.9,514.4,1512.8,456.1,311,581.1,292.1,406.1,354.1,237.6,200.1,88,114.1,882.8,2223.7,2634.9,2119.9,1726.9,1805.4,1350.7,1248.5,836.5,670.8,843.3,2604.4,337.1,251.9,209.1,209.2,196.2,109,146.1,87,105.8,88.2,150.4,434.3,441.2,410.7,407.1,342.8,225.4,188.4,135.2,90.5,80.3,727,1234.3,1132.6,1448.5,1311.5,1000.7,728.1,578.9,405.7,300.6,323.1,1332.2,1010.4,997.4,786.2,947.7,529.1,453.5,445,219.1,198.8,175.9,983.2,878.9,833.9,695.8,710.4,669.3,534,419,263.1,270.3,183.4,599.4
P31751,6429.3,6887.9,6702,6535.8,6638.3,6097.1,5215.8,2143,1378.5,960.4,5403.2,4636.2,3129.3,3334.8,3181.3,3070.8,3296.5,2812.1,1512,953.8,682.2,3176,2196.9,2330.1,3022.9,2261.1,2652.6,2186,2046.4,998.2,631.1,655.1,2822.4,2010.2,1974,1864.3,1848.5,1883.7,1721.1,1548.8,641.3,428.6,313.8,1602.2,2386.9,2300.2,2155.5,2228.1,2295.2,2043.5,1966.8,873.3,664.1,461.2,3324.5,1088.4,1069.2,1073.9,1108.7,1045.3,1004.5,825.1,308.5,219.1,110.7,870.7,1966,1790.7,1782.6,1549.1,1620.7,1592.2,1290.1,595.5,340.5,264.9,1900.3,1445.5,1272.8,1313.3,1094.3,1308.4,1169.3,1178.5,402.8,213,191,1323.9,1277.7,1396.3,1541.1,1251.1,1181.5,1078.4,1125,582.2,212.2,251.3,1488.6,1324.1,1652.8,1283.6,1035.3,1183.5,1158.6,1140.7,461.6,268.1,236.8,2065.3,2393.9,2060.5,2195.5,2302.8,2213.9,2136.4,1827.5,726.5,558.5,509.4,1970.2,2066.1,2142.9,1924.3,2108.2,1966.6,1712.5,1518.1,723.5,345.9,330.5,2583.1,2172,2031.8,2253.9,2273.5,2042.4,1806.3,1578.5,617.6,323.1,329.8,1746.8,1437.8,1548,1421.1,1378.2,1141,1321.3,967.9,537,382.7,301.4,1547,1542.1,1568.3,1525.3,1602.1,1487.1,1276.8,1178,456,321.6,252.9,1725.1
Q9NYJ1,126.8,212.2,142.5,173.3,202.6,221.4,189.8,177.7,129,160.6,52.2,323.7,174.7,127.8,141.8,175.2,175,126.4,142.8,152.8,131.3,48.2,,,,,,,,,,,,,,,,,,,,,,,,,,,,,,,,,,,,,,,,,,,,,,,,,,,,,,,,199.5,140.9,183,141.8,170.3,141.1,229.7,152.8,154,143.8,58.6,,,,,,,,,,,,127.7,152.3,135.8,111.2,97.6,120.5,166.9,118.1,72.2,95.2,54.7,165.8,196.9,253.6,240.5,287.1,244.3,285,204.9,164.4,265.6,106,12.6,14.7,11.9,17.2,16.1,9.8,11.6,15.6,8.7,17,6.1,31.2,31.6,16.1,24.4,28.3,25.4,23.9,17.7,20.9,20.1,4.8,160.6,158.2,109.1,137.5,108.7,184.4,303.2,144.8,122.4,159.1,43.5,39.6,47.2,55.9,54.6,48.4,41.7,52,47.1,33.9,40.7,16.7
Q9ULK4,1082.3,1014.3,1012,939.7,947,893.4,978.2,749.3,585.3,352.4,899.9,,,,,,,,,,,,120.3,121.2,142,128,139.4,135.2,135.4,119,89.2,57.1,182.9,,,,,,,,,,,,364.1,396.3,359.6,382.7,361.4,368,368.9,318.9,294.3,157.9,617.6,330.8,333.4,361,402.8,365.5,355.7,378.5,265,268.9,165.5,396.4,,,,,,,,,,,,391.7,345.7,372.9,390,396.8,397.9,372.3,269.4,255.8,176.9,417.5,197,182.3,243.5,263.3,232.8,161.6,155.5,159.6,88.1,74.4,248.2,,,,,,,,,,,,158.7,137.1,143.4,148.2,140.6,151.7,170.1,136,123,83.7,140.3,138.8,170.3,166,180.5,143.1,173.4,158.2,146.9,92.2,93.3,334.5,,,,,,,,,,,,,,,,,,,,,,,,,,,,,,,,,
Q92538,12100.1,12207.2,11973.5,11664.2,11846.2,10372.9,7561.5,2656.3,2008.6,1687.1,11388.5,22352.2,15127.8,15613,15411.2,15030.7,14653.2,8919,3569.6,3571.5,2369.7,13931.3,12594,13019.9,16746.4,12710.1,14756.3,11658.7,8848.8,3056.3,2460.8,2186.5,13158.7,12444.2,12667.3,11919,11896.3,12250.3,11095.4,8205,3148.5,2577.2,1947.7,11583,14243.6,13704,13148.9,13408.9,13416.3,11644.1,8792.5,2848.2,2421.3,1686.1,14027.2,12592.3,13020.6,12930.2,13450.2,12518.5,11958.4,8568,2896,3063.9,2140.5,14152.5,9672.6,9113.7,9177.9,8544.6,8810.4,8126.7,5443.8,2468.9,1969.1,1671.1,8936.9,9760.1,8678.3,9709.2,8411.5,9625.7,8049.1,6751,2329.3,2066.6,1815.9,9305.5,10567.2,10668.9,13320.1,8671.8,10281.4,9240.2,6807.9,3335,1408.8,1629,10198.4,10810.1,13803.3,11106.1,9907.5,10699.4,9717.8,7891.4,3099.8,2403.5,1936.1,13578.4,13264.3,11404.1,11999.9,11976.5,11642.5,10438,7598.6,2932.8,2613.8,2780.5,11389.6,9910.4,10047,9344.8,10340.9,9567.8,8018.2,5799.1,2979,2113.6,1820.2,14575.6,11107.2,10855.4,10678.2,11780.9,10460.1,9021.9,6169.6,2230.1,1628.1,1505.2,9044.3,10187.3,11052,9977.2,9631.5,8514.4,8272.6,5616.6,1909.7,1541.2,1127.8,8777.7,11851.3,11905.9,11500.5,12063.2,11316.5,9752.9,7698.7,2523.6,2132.2,1813.7,10414.1
P0DN86,1187.3,1227.1,1190,1110.7,1202.1,1151.5,1210.3,1017.9,883.2,863,656.5,322.2,220.8,240.1,228.7,244.7,248.4,216.4,207.3,206.6,145.7,228.9,,,,,,,,,,,,,,,,,,,,,,,,,,,,,,,,,,414.3,438.5,421,436.3,418.7,460.8,463.4,374.5,410.7,329,205.4,312.1,253.3,241.8,195.9,216.7,248.2,281.1,256.3,176.8,219.1,131.8,156.9,123.4,142.4,125.7,167.4,157,150.6,136,120.7,110.7,174.8,,,,,,,,,,,,,,,,,,,,,,,206.3,201.4,275.4,251.7,290.8,323,316.3,239.6,191.4,325.3,52.9,326.4,339.4,284,302.4,339.3,294.1,339.6,287.7,249.6,257.1,276,,,,,,,,,,,,,,,,,,,,,,,,,,,,,,,,,
P04632,5569.4,5610.2,5559.7,5492.5,5607.3,5516.2,5866.8,5153.4,4726.1,4248.7,5047.9,6544,4586.4,4671.1,4596.9,4532.9,5405,5460.2,4413,4619.2,3235.8,4962.5,5040.7,5149,6511.8,5227.8,5988.3,5137.4,5609,4627.2,4363.1,3991,5089.8,3637,3702.3,3554.7,3691.8,3813.1,3940.8,4065.3,3433.8,3013,2662.7,3233,5821.9,5701.4,5446.1,5766.7,5706.9,5709.3,6331.2,5449.8,5806.8,4524.5,5302.2,5062.4,5190.5,5184.6,5433.2,5318.6,5952.6,5661.9,5162.5,5876.4,4571.6,5028,4700,4383.7,4531.7,4088.7,4458.3,4767.2,4551.7,4334.1,3528.6,3751.5,4259.7,4144.1,3626.5,4142.5,3461.3,4146.4,4028.9,4470.7,3524.2,3373.1,3222.2,4072.5,4388.3,4714.6,5460.4,4649.2,4345.7,4508.6,4745.8,4647,2712.7,3257.5,4154.4,3737.3,4785,3828.2,3235.8,3675.7,3674.5,4026.2,3538.7,3156.8,3081.2,3714.1,2280.4,1858.5,2128.5,2145.4,2147.3,2285.5,2244.1,1908,1637.4,1822.4,1947,1543.7,1769.7,1692.5,1816.2,1690.5,1748.6,1708.4,2012.5,1786,1601.6,2494.5,3083.7,2931.2,3057.7,3260.1,3004.7,2948.1,3117.6,2662.6,2229.3,2255.6,2496.9,2161.2,2296.4,2311.4,2212.3,1930.5,2296.4,2330.2,1939.2,1602.3,1444.2,1917.5,2744.6,2910.1,2891.7,2945,2793.3,2778.8,3045.4,2441.8,1839.3,1938.7,1763.2
Q96FV9,5376.6,5573.3,5291.8,4974.3,4487.9,3555.3,2746.2,1503.3,1196.6,1116.8,4943.5,7350.6,5243.1,5152.8,4944.8,4873.8,4165.3,2135.9,1143.3,1234.1,866.2,5199.9,1289.9,1278.8,1355.6,1292.5,1491.8,995.4,681.5,351.2,325.2,265.8,1159,3561.8,3824.2,3079,3203.8,3074.5,2757.7,2098.7,1011.5,912.3,662,3900.4,3391.9,4051,3667.7,3492.4,3084.3,2536.5,1763,891.5,823,534.4,4869.3,4332.7,4561.1,4104.9,4040.2,3891.7,2995.2,2120.9,994.8,1098.7,777.7,4725.8,3859.6,3931,3432.4,3103.5,2863.2,2853,1854.3,1015,859.5,713.2,4099,2669.2,2348.2,2604.1,2065.7,2379.3,1701.4,1450.7,632.4,583.7,475.6,2621.3,1013.2,745,1036.2,692.9,766.6,567.2,401,243.1,126.5,150.1,1688.2,2516.5,2997.3,2356,2036.2,2225.7,1836,1227,537.9,427.1,343.4,4274.9,4858.2,4477.4,4588.2,4469.9,3515.3,3413.1,2278.6,1148.3,978.4,916.1,4275,2103.2,2049.8,2020.7,2071.6,1916.8,1587.5,1141.7,677.8,530.4,424.1,3439.5,1371.7,1304.9,1556.8,1427.8,1236.5,1080.4,796.5,448.2,364.5,355.1,1377.6,3446.2,3294.3,3169.6,3291.2,1776.9,1956.9,1931.9,877.7,699.9,607.6,3900,2656,2940.6,2578.6,2937.9,2792,2080.2,1834.8,897,704.8,538.6,2579.2
P63104,27668.9,30362.3,29228.9,28486.9,31327.2,32453.7,33662.6,31016.4,25364.1,26638.5,31565.7,49429.7,34673,34743.3,34016.1,33690,40482.6,44720.2,40691.1,39855.5,30158.3,30761,21231.5,23983.5,31180.7,23512.5,28958.2,25721.8,29244.4,24910.7,20134.9,20893.3,24886.6,28515.1,30930.6,29806.2,31586.6,33233.1,34748.4,38083.8,33213.9,27698.5,26086.6,29869.6,34269.9,34706.3,31578,31238.1,33035.2,34726.7,38711.9,34892,35412.2,26858.5,32539.2,28579.2,29669.2,29441.3,28311.9,29266.6,32239.5,33440.6,30793.5,35980.3,30169.7,29253.4,49410.2,46586,48215.9,41593.8,47595.9,52993.5,54042.8,53562.9,39678.6,44066.4,49570.1,45380.4,40137.3,44525.6,35352.1,44936.5,45927.8,55218.8,44354.6,40363.7,39683.9,45751.2,39508,43036,49668.6,39988.8,38859,43500.3,47898.1,47657.2,25950.3,30617.3,38484.9,29759.7,33025.4,27726.5,20907.7,26912.3,28832.8,34855.5,32550,26961,31581.5,36353.1,24805.8,20831.5,24518.2,24575.1,25337.6,28514.2,29349.8,25398.5,20126.2,25540.2,23774.7,19027.7,18021.4,16475.1,18637.6,18307.6,18025.3,20397.6,22454.4,19145.9,15923.8,27249.5,25729.6,21589.8,29730.3,25558.8,24663.1,22615.5,28061.8,19492.1,16820,17445.1,18617.4,28772.5,32060.1,30983.1,29847.2,26632.3,32016.8,43060.4,29354.8,21876.5,24738.6,26492.6,25244,27281.3,27201.7,27088.6,26026.1,25743.9,30715.9,25296.8,19787.7,23350.2,20642.1
P58546,2767.5,2941.8,2657.1,2749.4,2833.7,2946.2,2694.4,1544.1,964.7,689.9,2564.8,3590.2,2623.5,2470.5,2266.4,2292.4,3213.7,3226.2,1557.6,830.4,543.8,2817.4,2719.9,2851.8,4030.7,2938.9,3512,3101.2,3243.9,1590.9,985.1,748.6,3738.7,2527.8,2740.7,2653.5,2811.2,2903.8,2878,3055.4,1510.4,935.1,651.5,2875.9,3198.8,3139.2,2908.1,2766.2,3096,3450.2,3708.2,2085.9,1397.8,828.5,3190.5,3102.6,3263.9,2985.2,3149.3,3321.7,3605.9,3425.4,1694.8,1208.2,606.6,3139.2,5679.4,6008.5,5364.1,4699.5,5661.7,5527.2,4142.9,2499,1698.3,1016.9,4384.2,3028,2454.5,2837.8,2528.9,2948.1,2945.5,2963.4,1325.4,846.8,581.6,2312.6,4716.5,5266.3,5654.8,4714.9,4690.9,4723.6,5029,3041,1053.3,1049.2,4861.9,3136.3,3870.7,3331,2339,2885.1,3101.3,3752.9,2206,1152.1,1081.9,4032.2,2783,2369.2,2955.8,2645,2974.1,2676.7,2796.6,1346.2,800,715.3,1986.8,2027,2020.1,1763.4,2114.7,1912.8,2059.4,1753.7,957.4,363.5,342.7,2639.1,2573.7,2344.4,3003.3,2770.6,2721.6,2451.2,2674.1,1376,800.1,611.5,2300.2,3931.6,4418,4424.1,4110.1,3419.4,4007.9,3662.6,2426.6,1486.6,1041,2976.4,4409.2,4205.9,3944,4112.6,4018.4,3590.1,4162.5,2398,1327.4,951.8,2688.1
Q86XK2,,,,,,,,,,,,,,,,,,,,,,,,,,,,,,,,,,196.7,206,160.8,178.8,166.9,167.7,161.4,113.5,119.3,69.2,125.7,,,,,,,,,,,,883.2,849.6,802.2,841.7,738.5,716.3,694.7,578.8,595.5,424.5,629.8,96,108.1,113.2,95.6,102.3,95.8,84.1,70.2,58.7,51.7,128.3,,,,,,,,,,,,,,,,,,,,,,,,,,,,,,,,,,142.2,137.3,152.4,147.7,134.5,127.1,128.5,95.8,89.2,96.3,98.2,72.3,64.2,60.8,55.8,52.3,45.4,57.4,45.4,29.2,28.1,60,,,,,,,,,,,,,,,,,,,,,,,,,,,,,,,,,
Q9HA77,919.1,925.1,866.3,877.8,916.2,854.9,916.1,732.9,636.7,541.1,783.2,102.4,97,69.7,68.6,85,93.5,79.4,62.9,60.6,42.8,86.9,406.3,384.2,530.8,400.5,448.8,351.8,367.3,285.5,253.7,216.4,512.5,303.1,279.1,271.8,270.2,277,282.1,284.9,208.4,190.5,158.6,276,647.2,646.4,599.6,663.1,632.1,612.7,604.1,489.4,498,346.6,748.6,220.2,245.1,227,254.3,231.3,241.8,227.6,170.5,191,141.6,261.6,934.4,811.4,848.8,938.8,871.2,814.9,745.8,603.3,565.4,463.9,726.2,428.9,350.8,431.5,407.8,411.5,343,400,298.1,302.6,251.8,348.2,684.8,723.8,857.4,778,678.5,710.6,701,666.4,335.6,411.6,642.8,363.9,477.2,391.5,376.4,378.1,351.9,396.9,321.3,270.7,242.8,504.3,136.6,103.2,104.9,121.9,116.3,151.3,110.5,90.3,76.6,95.7,145.6,9.7,19.6,11.2,14.3,13.6,15.4,11.6,18.4,14.3,7.8,27.5,323.9,395.5,363.3,386.8,319.3,382.1,267.1,227.3,184.5,179.6,260.2,295.3,303.8,299,292.3,266,289.9,315.4,233.2,191.1,182.4,248.6,721.1,666.2,603.3,616.8,577.2,658.4,615.9,491,434.5,362.9,464.4
Q53T59,137.3,138.2,139.9,143.1,146,122.5,96.8,55.7,46.2,31.8,156.4,1392.3,1016.7,1069,1071.1,1011.2,849.8,508.3,302.7,305,193.7,885.5,1123.9,1112,1423.3,1070.7,1225.5,814.3,573.6,314.8,264.2,230.3,860.7,519.4,514.7,492.8,544.8,492,422.3,325.5,194.6,188.5,112.3,564.5,1998.8,1967.2,1895.1,1983.9,1908.8,1573.4,1207.5,621.1,561.7,394.9,1822.7,149.9,128.8,139,168.9,141.2,97.8,66.9,36.3,37.6,26.5,209.2,332.8,322.2,326.7,301.3,297.4,230.6,167.1,131.5,99.6,93.7,345.1,1763.8,1574.2,1741.8,1570.2,1669.2,1243.6,1083.6,762,639.5,559.8,1753.7,2169.6,2449.1,2763.3,2682.9,2157.2,1730.3,1329.3,989.9,544,570,2120,2524.6,3224.7,2534.1,2409.8,2560.2,2143.7,1803.2,934.5,752,696.9,2425.8,950.3,762.7,771.3,783.9,736.7,586.4,425,273.4,264.1,222,975.3,867.4,803.3,695.5,727.8,735.7,497.3,449.3,276.2,229.9,190.3,988.2,2088.5,2071.8,2030.7,2130.3,1948.2,1536.5,1052.1,690.9,534,543.9,1697.2,1948.7,1899.2,1777.5,1718.2,1511.1,1370.1,910.4,457.2,379.9,339.2,1355.3,3976.7,3737.8,3584.6,3784.6,3441.6,3009.6,2182.5,990.2,802.2,658.9,2381.2
P83436,568.5,678.3,660.4,607.2,604.3,400.4,309.4,208.3,122.7,94.1,862.1,1997.8,1396.6,1415.4,1455.7,1309.4,1004.6,622.4,462.7,510.8,311.1,1314.5,655.9,674.3,812,620.1,678.7,425.2,295.8,210.5,180.2,135.3,643.2,1217.6,1187,1129.7,1158.7,1031.5,715.6,495.6,423.7,401.2,221.4,975.7,1615.6,1612.1,1572.7,1542.7,1481.8,951.6,585.9,435,412.2,266.8,1871,833.5,833.5,802.5,914.1,759.5,519.4,366.6,258.9,303.3,223,917.3,563.2,514.9,512.9,483,466.1,283.6,194.9,139.3,123.4,92.9,461.2,1172,1018.9,1106.3,968,1060.8,690.9,598.2,350.6,365.1,325.7,1197.6,1075.9,968.2,1310.4,692.3,958.9,558.1,358,304.2,182.1,197.5,950.3,642.2,806,638.1,597.5,606.1,392.1,287.4,212.7,188.2,138.2,748.6,431.2,365.5,422.8,379.9,354.9,229.8,128.9,80.7,67.2,56.2,351.9,840.8,945,896,904,787.8,477,334.5,224.5,232.2,149.5,1447.1,547.4,550.7,518.7,570.7,518.4,281.2,201.2,124.5,112.3,100.2,573.3,967.3,1016.7,970,903.7,727.6,553.7,406.1,253.9,199.2,164.1,936.1,1518.7,1483.5,1321.9,1493.2,1375.2,971,738.1,506.9,442.4,360.8,1033
Q92581,578.8,511.9,518.8,501.2,478.1,453.5,537.1,439.9,400.4,313.9,334.5,1406.1,942.2,997.4,1005.5,1027,1028.9,957.1,698.8,798.8,536.7,1266.3,1566,1580.9,1968.7,1530.6,1731,1466.1,1474.6,1252.9,1142.5,1013.8,1475.1,452.9,429.6,433.7,475.5,432.2,402.7,437.6,360.9,347.9,246.3,344.7,707.3,709.9,673.9,746.8,700.9,650.4,692.9,606.8,661.2,470.3,714.2,410.6,403.8,364.5,460.1,387.6,391.8,344.3,302.8,348.5,225.4,473,614.9,643.2,631.3,656.5,577.8,570.2,460.8,445.4,394.5,320.3,518.2,342.8,297.7,338.3,333.1,352.3,331.8,355.9,226.4,221.9,186.2,306.2,262.7,256.7,349.1,280.1,277.9,286.5,235.9,275.6,136.9,160.4,340.3,167.7,228.5,166,199.3,189.1,180.8,160.5,138.2,139.8,131.6,420,402.8,306.9,297.9,307.4,263.6,315.3,297,244.9,234.1,225.4,257.2,289.4,308.1,266,255.5,275.9,272.4,245.7,263.1,207.2,166.6,482.6,473.1,523.2,464.7,562.8,485.8,559,448.9,390.7,338.9,311.3,398.6,524.4,569.9,539.4,538.2,435.5,542.4,378.3,425.8,405.6,355.1,488.8,414.2,353.7,358.7,365.3,330.2,392.7,369.9,280,252,216.3,223.9
Q05639,8747.1,9543.3,9365.9,8953.7,9780,9602.2,10183.4,7973,6922.8,7029.2,9438.9,18844.3,13097.4,13564.7,13271.5,12951.5,15681,16325.2,14030.7,15192.1,11797.2,11672,13815.2,15484,20451.7,15188.8,18652.2,16523.5,17687.5,15156.3,12763.7,14025.6,14566.8,9429.1,9474.7,9688.4,9260.6,9786.7,10334.2,10812.7,9075.8,8449.4,8268,9623.4,12616.4,12662.5,11694,11709.5,12281.9,12396.3,13354.3,12290.4,13091.3,10391.1,10209.6,10451.9,10387,11184,10678.5,10371.4,10985,10959.9,9415.3,11067,9226.7,10932.6,10123.3,9136.3,9537,8129.2,9443.6,10357.5,10289.2,9860.5,7922.9,9395.7,10109.6,8959.8,8002.3,9159.5,7331.6,8935.5,9135.3,10958.8,8774.4,8360.1,8628.7,8490,11917.2,12622.2,15361.8,12493.2,11195.9,11949,12962.3,12817.4,7374.3,9415.6,9904.4,11865.8,13727.9,11215.3,8516.2,10881.7,11596.3,13555.4,11948.3,9768.3,9447.2,8935,8682.7,7753.3,8697.2,8442,8315.9,9487.1,8928.5,7918.4,7154.6,7746,7203.3,5399.3,5131.9,5340.3,5325.9,4962.4,5022.4,5182.4,5884.3,4681.5,4865.5,10208,10065.3,9647.9,9640.7,9857.4,9327.4,8649.1,10449.6,8670.3,8553.7,9594.6,8694.6,10785.3,11633.2,11439,10110.2,9558.9,11103,12656.8,9721.1,8751.1,8607.1,8427.2,11190.3,11601.5,12494,12399.8,10907.8,11426.1,12694.6,11071.8,9532.5,10556.1,8291.6
A0A0B4J2D5,4431,4565.1,4422.7,4270.8,4410.7,4448.1,4452.4,3937.3,3484.4,3498,4590.3,5004.7,3428.3,3577,3818.2,3713.3,4094,4037.6,3792.6,4206.6,3097.3,3798.7,3637.4,3630.4,4793.9,3577.8,4107.7,3579.9,3788.4,3368.2,3288.9,3436.2,3441.4,3721.1,3711.9,3582.5,3836.1,3720.8,3733.6,3742.5,3765.1,3591.9,3390.3,3976.6,2567.5,2474.2,2443,2573.5,2534.7,2440.3,2733.9,2654.1,2637.8,2195,2662.9,4235.3,4382.7,4410.2,4583.2,4534.1,4853,4685.9,4465,4960.5,4080.6,5243.8,3459.1,3067.5,3241.4,2866.8,3188.7,3456.1,3422.1,3467,2912.2,3544.4,3566.7,2437.1,2043.4,2412.3,1983.6,2410.7,2250.6,2487.8,1941.4,1746.2,1848.9,2403.1,2954,3469.5,3817.8,3396,2986.9,2898.4,3265.3,3307.3,1869.6,2304.1,2980.4,2885.8,3580,2960.8,2454.4,2928.8,2991.9,3429.1,3173.6,2749.6,3008,2934,3020.9,2381.5,2644.6,2572.6,2699.4,2778.9,2979.3,2412.2,2065.6,2713.6,2592.7,908.8,928.9,782.7,841.2,840.5,806.8,977,963.2,919.4,778,1269.9,1516.4,1423.3,1493.7,1534.3,1382.8,1443.9,1639,1332.9,1243.5,1420.1,1374.2,1896.7,1938.3,1847.9,1801.4,1577.9,1831.7,2022.2,1753.3,1501.2,1501.9,1624.4,4282.5,4277.7,4094.3,4099.3,3710.9,4137.4,4637.9,3580,3122.6,3385,3193
Q12979,380.3,310.2,261.8,257.3,188.9,65.5,45.9,34.2,26,15.6,183.1,1264.4,892.8,856,756.9,608.3,355.8,190.8,139.4,185.1,107.6,612.2,507.2,449.2,515.2,377.7,352.7,189.1,123.2,81.1,86.8,71.8,332.3,750.2,658.5,585.9,598.3,465,307.4,251.8,173,166.9,123,458.7,475.7,459.9,405.9,445.1,396.1,219.6,119.3,107.3,99,61.9,423.4,,,,,,,,,,,,,,,,,,,,,,,,,,,,,,,,,,261.5,245.7,323,251,198.7,117.8,61.8,64.3,48.3,33.4,168,210.8,297.7,228,278.1,194.7,116.6,85.9,47.9,62.4,35.5,212.5,408.2,338.3,388.6,393.3,335.1,329.5,312,260.8,219.3,267.5,413.9,,,,,,,,,,,,61.8,69.9,67.7,74.3,53.5,158.1,,48,25.2,19.8,60.3,580.8,621.8,549.3,528.6,392.7,317.9,192.4,299.8,175.9,100.4,505.1,937.4,945.9,905.9,905.8,762.7,594.3,493.8,433,322.3,320,773.9
P13929,790.1,850.7,868.3,845.8,974.9,859.5,847,702.8,595.8,549,758.4,850.5,575.6,613,666.6,630.7,726.4,724.6,595.2,639.4,466,644,667.5,757.4,909.6,687.7,788.6,689.7,786.7,635.4,566.9,538.8,984.6,743.3,828.1,760.7,759.2,831.2,835.1,807.6,608,526.8,483.5,953.3,1489.8,1545,1476.9,1484.9,1491.6,1491.3,1584.1,1340,1289.5,1063.1,1883.2,49.8,51.1,54.5,66.4,63.4,57.7,55.4,48.1,58.9,54.6,56,572.9,626.9,688.6,624.2,654.6,709.9,669.6,590.5,478.4,487.5,864,241.1,228.2,283.4,220.4,259.5,235,279.6,207.8,185.4,174.3,402.9,738.2,819.6,977.7,808.4,802.1,803.4,794.3,762.3,447.1,550.1,1252.9,554.1,660.2,555.9,495.1,560.7,532.5,560.3,472.6,389.1,402.5,774.6,905.5,757.8,837.6,887.9,863.8,939.7,992.3,816.4,707.2,873.3,860,647.7,687.2,634.8,661.1,634.3,610.2,640.6,672.6,573.2,537.1,921.2,588.5,539,728.3,547.9,571.8,519,569,463.8,425.5,484.7,585.1,607.9,512,573.7,551.3,471.1,579.5,716,540.3,479.3,469.5,559,929.3,1030.8,927.9,945.5,1064.2,798.1,1116.3,851.4,846.6,921.9,957.3
Q9P0P8,530.5,513.2,486.6,471.4,424.7,378.3,295,115.8,80.1,81.2,606.7,528.1,358.7,348.9,338.7,351.8,438.6,358.6,130.4,72.9,43.6,404.8,371.1,370.1,405.5,310.5,364.6,279.4,221.8,82.6,48.2,39.1,378.7,174.6,182.2,164.9,183.4,184.3,180.2,152.8,83.8,58.4,40,192.4,202.6,196.4,187.6,210.6,206.9,161.8,127.3,37.1,21.9,16.4,229.3,,,,,,,,,,,,,,,,,,,,,,,,,,,,,,,,,,,,,,,,,,,,,,,,,,,,,,,,,,,,,,,,,,,,,,,,,,,,,,,,,,,,,,,,,199.8,193.5,201.1,204.3,183.9,202.6,227.1,54,21.5,20.9,216.6,,,,,,,,,,,
Q9H5N1,1539.6,1476,1392.3,1303.7,1218.2,799.1,655.9,415.1,355.2,261.9,1151,1698.6,1174,1247.2,1254.9,1124.2,826.6,466.3,391.3,407.5,227.3,1190.9,765.8,789.8,919.5,704.9,711.6,427.2,305.7,181.2,160.2,115.3,661.9,1007.3,989.6,880.9,904.6,804.1,649.4,540.8,350.4,322.4,205,833.9,766.1,802.5,715.8,962.5,702.5,479.2,366,269.5,290.7,171.3,1197.6,1562.1,1550.7,1573.3,1720.7,1408.3,1063,829.1,541.1,630,430.7,1662.4,1198.8,1149.8,1122.9,1151.2,1046.1,712.4,419.4,368.7,312.4,211,914,259.6,237,281.8,307.8,276.1,140.7,114.9,59.1,62.1,48.6,205.3,1387.4,1471.6,1872.7,1834.6,1417.1,969.7,693,632.1,396.3,290.8,1089.1,1062.3,1322.2,1045.5,1097.4,990.1,754.5,588.9,379.6,303.7,203.4,1133.1,1096.4,875.5,841.2,854.3,756.6,566.1,464.4,370.3,335.1,257.1,628.3,337.2,346.2,263.3,282.9,246.3,148.7,115.4,68.7,53.7,44.8,305.2,964.5,1141.7,923.8,1150.8,878.1,708.9,393.8,288.5,267.7,192.6,698.7,1295,1362.5,1229.4,1189.7,978,730.2,556,369.7,300.2,219.9,1205.7,1094.9,982.4,959.6,943.7,874.9,689.2,554.8,358.1,336.5,250.9,768.9
Q8N5A5,1003.2,870.5,774.6,657,496.7,444.6,444.7,349.9,252.9,179.9,492.6,1594.5,1061.2,1035,940.5,738.8,511.5,356,281.1,265,172.9,1052.2,173.1,150.2,160,113,83.6,49,40.3,35,35.9,24.8,111.6,524.6,509.4,405.9,366.4,302.3,246.5,239.1,180.8,168.8,130.3,451.6,254.4,254.1,249.5,248.3,214.1,144.9,131.5,121.6,118.7,63.5,290.1,620,577.4,499.6,387.2,218.5,157.1,131,117.4,132.6,75.1,363.9,987,988.2,808.3,619.9,477.7,433.9,314.5,264.9,234.6,202.6,658.1,178.7,155.7,161.8,132.7,103.4,62.6,58.9,38.4,42.8,30.3,110.3,297.7,260,311.5,175.1,144.2,109,97.9,103.7,52.3,63.1,273.2,146.7,185.9,144.8,144.3,92.2,68.8,47.2,35.4,35,23.7,175.7,,,,,,,,,,,,353.8,333,300.9,253.3,178.3,107.9,94.7,94.9,54.4,54.3,403.7,58.5,77.9,56.9,80,61.3,55.7,39,34,22.6,27.5,34.2,63.7,60.2,55.8,60.2,36.3,59.2,37.8,32.3,24.2,17.6,43.8,,,,,,,,,,,
P0DPF3,,,,,,,,,,,,,,,,,,,,,,,,,,,,,,,,,,,,,,,,,,,,,,,,,,,,,,,,,,,,,,,,,,,,,,,,,,,,,,,,,,,,,,,,,,,,,,,,,,,,122.1,178,119,89.6,83.6,76.5,64.5,47.4,28.8,32,254,,,,,,,,,,,,,,,,,,,,,,,,,,,,,,,,,,20.7,22.4,14.3,22.1,14.9,17.3,15.7,11.5,12.3,3.8,24.4,14.2,20.4,11.9,15.7,10,11.9,9.3,8.4,9.4,7.7,14.2
Q14C86,1992.5,2124.9,2149.2,2044.4,1917.9,1356.7,954.1,605.5,501.5,362.3,2108.8,6452.1,4392.3,4417.5,4450.9,4189.3,3120.6,1787.8,1127,1152.5,798.1,4313.7,3231.4,3431.4,4302.3,3388,3988.1,2655.9,2046.1,1293.6,1094.1,1003.8,3583.4,3122.5,3342.3,3289.3,3402,3350.9,2538.9,1836.6,1173,1011.7,881.8,3449.7,6353.4,6080.7,6031.4,6312.8,6005.2,4490.5,3314.1,1969.3,1845.6,1318.7,6196.6,3026.8,3033.8,3041,3278.8,2871.3,2040.5,1325.3,797.1,829.6,587.3,3457.9,3540.3,3592,3344.9,3051.3,2949.1,2168.4,1361.7,916.9,748.9,678.8,3894.5,1544.3,1366.2,1557.4,1253,1428.9,863.3,660.5,376.8,377.3,374.6,1807.4,4067.6,3676.1,5009.8,2380.8,3598.6,2618.4,1777.9,1230.8,561.5,647.7,4470.2,3165.3,4179.8,3159.3,3584.1,3261.4,2575.7,1881,1206.1,1267.5,690.6,3556.6,6157.8,5201.5,5187,5310.6,4717.5,3642.7,2888.4,1912.7,1622.1,1525.5,5983,3145.8,3040.6,2833.9,3029.8,2898.5,1963.9,1446.3,1159.4,1294.6,789,5027.9,1378.8,1357.7,1268.1,1615,1293.4,942.4,595,351,284.5,260.8,1284.5,5419.5,5461.8,5070.3,5008.1,4129.6,3463.7,2667.1,1258.8,1028.6,862.9,5601,7191.2,7031.5,6689.6,7120.4,6547.9,5042.8,3740.6,1952.5,1696.6,1399,5934.4
Q9Y6D5,1893.7,1783.9,1748.3,1816.4,1759.6,1469.2,1278.6,511.6,390.7,276,1530,2696.8,1778.9,1868.6,1930.8,1906.8,1957.4,1481.1,543,468.1,329.4,1865.7,2637.6,2884.3,3214.9,3050.2,3235.3,2691.1,2390.6,1194.2,875.4,721.3,3350.7,1025.2,1060,1011.3,1085.3,1085.3,1056.5,932,523.9,394.2,303.6,997.6,1247.6,1504.6,1207,1780,1302.4,1177.3,1101.6,516.6,423.7,282.5,1673,1995.3,2002.8,2099,2156.8,2051.9,1968.8,1636.5,648.4,651.3,396.5,2025,1125.3,1119.1,1116.5,1105.5,1097.3,1106.5,835.4,408.6,322.7,233.8,1050.3,860.6,776.1,869.5,786.5,893.4,766.9,764.5,304.7,274.1,196.6,837.6,1033.8,957.3,1301.8,608.1,1043.6,1100.3,973.2,452.5,153.1,160.2,1235.2,1344.5,1726.1,1367.4,1295.3,1372,1337.6,1195,509.3,380.6,286.9,1539.7,1518.9,1253.9,1419.3,1351.5,1265,1171.2,1034.2,439.5,358.1,308.4,1139.3,1108.6,1062,1028.2,1067.8,1089.2,975.3,861.9,371,282.8,230.9,1498.6,438.2,518.8,443.9,524.5,493,520.1,355.9,149.9,103.8,96.9,342.4,1145.4,1143.8,1105.2,1079.2,926.3,961.4,820.1,341.4,270,204.2,1103.1,903.1,824.3,776.8,888,786.3,814.8,728.5,287.1,238.6,181.5,609.6
Q15434,1266.7,1224.5,1136,994.8,819.3,536,371,185.3,169.9,109.5,1257.6,2388.5,1617.8,1612.8,1479.1,1292.2,883.9,415.5,197.7,197.5,125.2,1720.2,620.6,597.2,692.4,563.4,568.4,296.9,164.8,58.6,39.3,41.3,828.6,736.5,739.5,669,631.3,534,331.3,235.8,84.5,64.2,38.7,728.4,1589.4,1558.4,1373.1,1298.5,1257.7,882.7,691.9,410.1,373.2,273.6,1991.3,737,756.4,709.2,705.9,580,416,307.9,156.4,178.1,106,964.9,2098,1981.5,1843.6,1716,1349.9,1004.7,645.1,398.3,361.6,288.2,2017.7,917.9,787.6,892.6,726.8,692.2,442.9,348.4,209.3,204.8,150.2,885.2,243.2,151.6,272.3,144.3,172.8,127.8,62.6,49.5,40.7,23.2,429.5,858.8,1110.5,808.7,750,699.5,449.8,342.1,165,147.5,116.8,1120.9,1414.4,1233.6,1201.4,1103,937.6,665.7,481.8,279.4,201.2,191.2,1252,934.6,851.3,760.3,748.9,619.1,468.4,378.3,274.4,203.9,163.1,1331.7,1238.2,1179.9,1177.5,1149.3,938.1,682.7,479.2,336.9,293.3,260.8,1186.6,327.7,377.6,266.4,256.9,136,122.8,109.3,53.2,49.2,36.9,352.2,1071.3,1062.9,1018.2,1005.1,800.1,554.8,389.1,176.2,159,120.5,962.2
Q9P0T7,1597.4,1589.5,1465.3,1564.4,1741.1,1459.6,1498.8,1199.9,1019.6,880.3,1143.2,1183.9,798.2,867.4,1128.7,1258.3,939.1,808.9,608,741.3,393.6,993.3,608.4,581.3,724.8,567.9,632.9,569,538.4,437.8,500.6,378.2,804.3,585.4,602.7,507.8,589.8,559.7,607.9,591.9,454.8,434.4,327.6,391.3,,,,,,,,,,,,737.1,745,768.1,843.7,945,843.8,779,712.8,704.2,486.2,606.3,506.2,520.1,462.9,673.7,555.5,494.7,400.3,373.9,337.8,249.2,379.1,956.4,827.6,948.1,855.3,984.4,902.3,911.8,644.7,590.4,477.5,899.4,503.4,568.2,684.4,760.4,591.5,536.5,521.3,489.2,291.4,277.7,684.1,677.7,860.1,675.4,892.3,751.7,698.7,676.5,560.7,438.3,406.1,1197.1,953.6,704.7,669.4,681.3,695.4,736.8,706,616.6,630.3,526.2,426.4,494,563.5,371.5,342.7,418.4,359.7,360.5,301.4,341.8,223.9,379.1,349.5,368.4,292.4,398.8,365.3,360.1,326.9,293.1,217.8,206.5,275.4,452,439.1,463,416.6,351.1,399,378.3,313,254.9,231.2,549.4,396.7,365.6,334.3,374.8,328.8,330.9,356.2,286.3,245.8,184.9,444.3
O75386,313.1,309.1,318.9,289.1,315.7,223.2,171.9,49.2,38.6,40.7,275.6,831.1,537.8,514.2,504.4,501.4,560.3,489.1,256.1,233.5,154.7,490.8,,,,,,,,,,,,,,,,,,,,,,,,,,,,,,,,,,225.2,253.7,241.5,271.5,258.1,225.1,163.2,80.1,98.4,66.7,243.1,,,,,,,,,,,,,,,,,,,,,,,,,,,,,,,,,,,,,,,,,,,,,,,,,,,,,,,,283.1,272.5,229.9,263.6,257.4,185.4,158,68.6,44.3,34.2,252.3,,,,,,,,,,,,,,,,,,,,,,,199,184.3,173.2,171.1,166.9,159.9,127.3,94.4,63,52.8,179.5
P26641,46648,48977.2,48031.4,46232.5,49028.2,46094.1,39239.2,9372.9,6169.5,5743.7,49268.1,62718.6,43072.7,43797.7,42920.1,42890.2,46056.5,33509.1,7246.8,7211.4,4675.1,41634.7,46146,49895.7,62968.7,47829.8,56733.2,47460.2,40705.7,10106,7126.5,7373.1,46788.7,51875.6,52594.8,50059.9,50090.4,53695,53755.6,47214.2,12685.7,9794.3,7650,50693.4,48990.1,47572.2,45164.1,45449,48504.5,45063.3,37542.3,8282.2,6607.1,4524,44943.4,41451.8,42220,42468.2,42927.4,41931.7,43019.8,34523.7,8116.4,7599.6,4905.5,43116.1,65635.4,62416.5,62201.1,55631.3,61161.2,62174.9,46751,17235.9,13768.5,12371.2,63185.8,46833,41010.4,45997.4,39630.5,46045,42457.1,39648.7,10141,8448.5,7041.8,46852.9,42278.9,45181.9,53168.5,46360.5,40991.6,39349.3,30947.1,11152.4,5136.7,5794.7,38611.7,37998.8,46450.5,37721,32455,36603.1,35841.9,31445.2,8050,5705,4913.5,40413.3,38029.5,32377.6,35953.6,35954.9,35018.3,36491.4,30228.9,7107.5,5151.5,5525.8,35367.6,22487.8,23211.6,21274.9,23573.1,22202.9,21159.9,17654.5,4767,3200.2,2673.3,36696.1,42480,40014.4,42261.6,39286,37520.9,35660,30454.6,6478.2,4372.7,4272.9,39572.8,44353.5,46478.9,42603.3,37385.9,33435.1,44935,35511.5,7629.8,5307.3,4635.6,41060,46407.7,46766.7,46770.1,43694.2,42336.9,45786.6,35428,7953.7,5913.9,5456.2,38696.5
Q9UJX6,1933.6,2046.1,1851.6,1985.9,2013.4,1723.7,1606.6,1054,711.7,520.4,1467.1,1782.1,1249.3,1251.9,1306.7,1230.7,1141.6,993.4,534.9,530.8,277.4,1000.4,1017.1,1011.8,1193.1,946.3,1080.5,852.4,813.2,438.7,335.7,242.1,867.6,1194.8,1063.5,1003,951.2,941.5,919.7,843.5,564.9,521.4,396.4,786.8,662.4,656.2,678.3,722.8,652.5,605.1,587,367.5,301,179.1,800.4,444.6,437.1,448,445.7,432.5,403.3,334,169.6,166.6,79.9,417.3,2011.9,2008.9,1892.3,1848.3,1815,1798.8,1354.4,841.4,675.7,401.3,1723.9,1183.4,1049.8,1167.2,948.4,1191.9,1049,1215.3,691.7,548.6,494.9,1355.1,810.5,811.8,1004,613.1,769.3,697.3,822,494.6,173.4,204.2,876.5,161.1,206.2,180.6,169.9,161.6,148.1,137.3,82.5,51.1,26.6,205.7,957.4,795.6,766.5,773.4,721.6,697.7,652.1,404.9,294.5,249.4,608.5,116.9,195.4,225,217,167.2,175.4,83.5,90.4,64.3,29.9,236.8,407.6,433.6,401.8,450.7,390.7,417.1,288,187.5,127.4,78.3,350.1,1086.5,1155.5,1100.9,1104.9,922.5,1181.5,1100.7,685.3,507,420.3,1111.3,785.7,743.4,671.1,683.8,645,655.9,624.7,317.8,273,195.9,613
P51970,1364.8,1578.3,1598.3,1461.7,1674,1762.1,1827.6,1493.3,1151.5,1161.4,777.6,2815.2,1948.6,2005.9,1891.5,1981.8,2259,2399.1,1964.1,1842.4,1486,1663.8,2532.2,2702.8,3475.2,2551.6,3182.9,2774.6,2829.8,2522.5,2002.2,1948,2160.2,729.3,766.6,753.6,767.2,853.1,833.6,914.7,778.2,627.8,532,409.9,1188,1167.8,1098.7,1129.2,1143.5,1126.8,1381.6,1206.9,1102.1,799.1,847.3,1836.4,1885.3,1860.2,1934.9,1876.6,2061.5,2035.7,1708.1,1858.1,1242.9,1826.3,708.9,625.9,642.5,560,695,722.1,682.2,675,511.8,528.5,638.4,526.8,449.8,537.4,453.3,512.2,504.4,561.8,398.1,371.6,361.6,320.1,2160.6,2373.6,2747.8,2160.3,2208.4,2378.6,2459.8,2464.8,1318.4,1439.3,1756,266.1,387,279.3,244.4,256.1,279.2,364.1,301.9,240.8,209.7,402.9,931.7,731.2,917.8,892.8,869.6,1083.4,1039.8,830.7,669.7,707.4,988,1362.8,1401.9,1315.6,1387.3,1348.1,1295.9,1391.8,1383.1,1112.1,945.7,1542,1605,1479.6,1925.5,1710.3,1577.3,1536.9,1526.9,1376.4,1148.2,1182.5,1630,1891.2,1917.8,1933.7,1647.3,1622.5,1938.2,2063.5,1601.7,1290.1,1157.6,1835.7,2158.5,2367.4,2276.7,2203.5,2111.1,2174.3,2535.7,2154,1468.5,1528.2,1587.8
Q4G0F5,838.2,813.1,776.2,758.4,774.2,705.1,727.8,523.1,368.1,252.3,726.9,1316.3,923.3,964.7,983.9,971.1,1060.2,857.1,573.5,520.6,353.9,958.9,746.7,748.6,958.6,729.4,858.1,722.1,735.6,522.3,407.8,321,723,252.3,254.3,266.1,287.7,314.8,289,291.7,207.9,158.9,148.8,300.8,532.8,535.6,499.2,554.6,497.8,477.5,470.8,336.9,332.8,212.2,595.7,296.5,302.1,314.3,380.2,286.7,299.1,278.3,195,188.1,130.9,364.1,460.3,420.9,423.4,382.1,439.3,426.9,340.7,279.2,249,162.6,392.5,383.2,318.9,361.9,314.4,393.6,335.4,391.7,238.8,188.4,135.9,354.9,1134.5,1181.6,1421.7,1230.3,1179,1044.3,1018.8,963.1,443.3,413.6,953.3,859.8,1115.6,885.7,864.1,902.4,882.1,906.3,625.9,465.7,359.9,950,559.8,467.8,539.1,483.6,534.5,502.1,493.7,312.1,231.8,209,391.9,,,,,,,,,,,,421.6,440.7,438.5,480.3,435.7,462,367.5,293.4,217.3,194.5,422.8,95.6,119,96.9,109.4,91.3,107.3,82.1,76.3,44.9,35.3,77.8,717.8,703.3,664.6,721.5,672.9,677.9,708.7,471.6,351.9,239.2,499
Q16777,786.9,877.9,840.4,833.7,936,947.1,975.6,884.4,709.5,749.5,1415.9,500,373.1,425.4,509.5,485.4,464.2,315.1,364.7,504.6,391.1,828.8,677.9,645,740.1,597.5,781.3,581,834.2,653,565.9,622.4,2207.5,621.7,642.1,572.5,607.3,619.2,721.8,741.1,691.2,849.2,818.6,1213.8,768.5,718.7,649.6,888.9,781.5,747,850,826.6,1103.4,688.8,1950.4,465,479.4,551.8,578.5,493.7,571.3,671.6,855.5,1032.2,709.5,1345.2,773.8,646.5,712.5,725.2,731.5,798.5,860.4,1046.9,794.8,957.4,1412.1,555.9,567.8,592.8,494.4,680,657.2,816.5,856.4,768.7,991.6,1815,357.3,282.5,483.8,282.3,368,407.5,275.7,450.2,311.1,471.5,1036.1,396.1,458.4,370.5,371,408.5,428.5,465.8,472,437.3,413.8,982.6,66.7,59.7,78.8,81.8,76.9,90.3,75.9,72,55.6,60.7,82,34.6,44.8,55.8,51.8,43.8,45.4,37.2,71.7,478.4,74.5,237.7,181.1,111.5,1891.3,180.1,84.9,128.5,191.7,175.9,161.4,241.2,1278.4,251.5,223.2,259.2,230.2,194.1,248.6,3932.9,235.6,157.3,248.4,760.8,167.8,268.3,411.8,198.1,350.4,210.3,308.4,337.9,207.9,446.5,1944.8
O95772,1618.4,1514.1,1508,1464.2,1441.9,1384.9,1465.6,1290,1177.5,877.9,1096.8,1173.3,753.5,747.9,753.5,804.1,776.9,756.1,684.8,784.8,565.6,654.1,662,634.9,811.5,604.4,687.5,593.1,589,549.4,543.3,486.9,624.7,932.8,960.9,906.2,980.3,991.4,1026,1064.8,822.8,816.7,673.8,892.4,878,883.4,847.2,1032.2,903.3,869,922.3,847.4,933.9,722.7,861.6,1284.1,1224,1280,1429.1,1251.3,1347.5,1335.2,1112.7,1320.2,913.5,1095.9,1180.8,1246.7,1206.8,1359.2,1188.8,1173.9,928.4,899.1,736.1,582.4,1024.3,1028,889.5,1011.1,1033.9,1027.2,880.1,1004.3,688.7,697.5,587.3,989.7,1755.8,1781,2235.6,1712.9,1791,1671.9,1653.9,1762.5,1027.4,1148.7,1585.6,513.8,610.8,472.2,589.2,526.6,493.7,489.2,413.7,438.5,368.9,464,790.7,689.4,633.4,607.6,612.9,593.6,697.9,667.6,615.5,664.1,408.8,878.3,917.9,764,737.9,841.7,769,760.5,700.4,648.3,604.6,805.8,1364.7,1482.9,1074,1608.5,1381.8,1495.9,1326.3,1297.2,1120.7,1146.2,1056.5,819.6,836,788.4,726.9,627.4,764.3,558.7,589.8,555,510.1,856.4,1024.4,923.6,803.2,908.5,819.6,920.2,909.6,817,844.3,667.7,569.3
Q9BQ67,2037.9,2140.6,1922.3,1766.5,1695.4,1446.6,1173.4,536.4,393.8,268.5,1719.2,4487.9,3168.7,2897.4,2590.8,2331.4,2187.9,1876.8,1211.1,1032.6,721.8,2527.7,1299.9,1399.4,1445.4,1085.2,1155.9,772,713.4,464.5,325.4,276,1847.1,2236.9,2398.6,2184,2019.5,1915.3,1702.3,1652.5,961,722.1,489.3,1919.9,2242.2,2412.4,1957.5,1713.2,1473.2,1094.2,1037.3,733.8,706.3,467.8,2300.9,3802.3,4025.4,3742.8,3362.1,3289.7,2992.1,2621.3,1461.1,1362.2,880.4,3439.3,2452.9,2407.1,2130.1,1759.5,1776.7,1736.8,1358.6,813.2,627.7,464.3,2226.5,2682.1,2356.4,2465.7,1898.2,2100.6,1693.4,1693.9,928.9,814.9,663.9,3563.6,3090.7,2488.6,3320.5,2379.2,2134.8,1879.9,1748.7,1227,537.9,509.1,3690.4,4420.4,4890.6,3753.4,2799.7,2804.9,2309.6,2104,1491.7,1034.6,904.8,4913.3,2737.7,2413.9,2509,2261.6,2008.8,1927.4,1667.4,832.5,594.5,598,2474.2,1452.7,1377.8,1237.6,1202.3,1047.9,869,811.6,626.8,387.9,336.3,2168.4,1055.2,968.6,1004,949.3,741.1,650,512.2,302.8,195.5,174.6,1129,1894.2,1880.8,1668.1,1432.9,914.8,952.8,963.8,587.8,446.2,344.6,2300.4,3617.1,3958.7,3583.5,3134.8,2443,1859,1922.4,1086.1,782.3,809.5,4051
P11586,35350.5,36148.6,35134.6,34165.3,36467.9,33503.2,28819.5,8833,5399.7,4380.5,33734.7,44811.3,30962.3,30972.7,31405.4,30634,34438.3,27718.9,7195.6,5746.7,3605.7,30055.4,32705.2,34448.7,44065.1,33281,38292.6,31405.5,26724.5,7870.5,5904,4852,31847.5,26424.7,26701.1,25247.9,25305.2,26589.4,26747.7,25037.2,10063.4,6166.1,4250.1,25728.9,36652.1,36162.7,33305.7,34431.4,34848.4,29822.4,22160.5,6052.1,5242,3566.5,34079.2,25592.1,26462,26366.6,26522.1,25739.5,26182.4,23843.1,9095.6,6394.4,3658.4,28547.3,33569.7,30815.8,31574.7,27816.1,30108.1,31733.7,25995.7,9631.4,5965.1,4972.4,32787.1,35622.6,31456.6,35049.1,29601,34878.4,33002.5,32572.1,8281.1,5781.8,4592.7,35389.4,31350,34529.3,39633.4,34589.1,30920.9,28872.2,24289.2,8398.5,3648.5,3988.4,30038.8,30255.3,36854.8,28857.7,25329.5,28107.3,25257.1,19706.2,6425.9,4725.3,4025.5,32580.2,21725.7,18751.1,21308,21227.5,20798.5,21054.8,16886.6,4678.5,2907.6,2939.4,19957.2,19328.2,20248,17778,19483.6,18448.3,17144.1,15032.9,5515.4,3218.1,2301,28173.5,25612,23765.1,26722.1,25196.1,23319.5,20690.2,17376,4682.9,2919.4,2782.4,22015.4,25934.2,27930.5,25261.3,23843.7,22005.4,22927.5,17900.9,5079.9,3760,3218.1,23396.3,29852.2,30816.6,31088.1,30179.3,28199.9,23913.1,17693.4,4558.8,3686.3,3315,24444.6
Q08AM6,2576,2560.2,2622.6,2558.6,2541.6,2487.9,2625,2282.3,1810.6,1252.8,2626.3,4562.7,3171.5,3368.5,3429.4,3265,3354.3,3027.9,2802.6,3070.5,1726.5,3123.3,2625.4,2980.3,3236.4,3194.6,3440.2,2990.5,3053.7,2748.5,2302.3,1707.3,3164.4,3240.6,3414.1,3109.5,3191,3303.6,3329,3468.4,2801.4,2627.2,1832.7,3535.9,3071.9,3152,3102.4,3225.3,3059.5,3072.5,3258.4,2886.3,2634.1,1674.7,3515.4,2308.8,2512.7,2404.6,2610.8,2363.3,2360.2,2396,1983.4,2118.4,1244.7,2541.9,1732.1,1772.2,1648.9,1643.4,1578.2,1733.6,1624,1497,1256,985.1,1887.1,1837.7,1673.9,1911.3,1742.5,1895.8,1560.2,1857.9,1510.2,1417.4,1010,1771.7,1005,906.9,1285.1,691.9,1041.4,1075.4,1169.6,1210.4,700.9,640,1320,2207.7,2990.4,2288.1,2121.7,2208,2250.9,2352.5,2016.6,1608.7,1249.1,2732,1981.3,1804.4,1796.5,1837.6,1629.2,1788.3,1964.7,1663.8,1355.8,1125.8,1731.5,1562.4,1549.5,1511.1,1658,1588,1504,1588.5,1551.8,876.7,817.2,2623,2553,2456.1,2245.9,2727.1,2534.9,2395.1,2426.4,2196.7,1733.3,1373.6,2621.4,2890.3,3006.5,2657.9,2882.8,2227.4,2820.2,2763.1,2503.7,2058.8,1552.5,3356.1,2839.7,2887.6,2647.7,2939.8,2756.7,2534.8,2916,2232.7,1731.6,1428.7,2712.1
O14879,4696.5,5043.9,4714.4,4193.9,3321.8,1698.6,1283.3,901.3,744.5,614.6,3914.1,6310.4,4373.1,4455.7,4033,3308.4,1888.2,1122.5,856.3,885.7,574.1,4027.8,2028.6,2263.3,2976.8,2109.7,2078.8,1030.9,823.3,609.8,519.4,420.4,2080.5,4276.7,4279.4,3987.6,3922.5,3199.3,1826,1551.8,1139.3,977.7,703,4218,4005.8,3945.6,3657.3,3736.7,3212,1928.6,1454.6,1043.3,1044.7,710.5,4094.2,2282.4,2313.4,2234.5,2101.7,1578.2,865.1,636.5,388.2,422.4,305.7,2112.9,2852,2797.7,2658.2,2300.2,1963.4,1501.2,1085.1,868.6,725.2,621.9,2232.6,2927.3,2581.7,2849.4,2273.1,2335.9,1450.5,1357.9,969.1,817.6,738.7,2846.1,1190.1,1287,1396.3,957.5,756.4,432.8,345.4,269.1,121.5,123.4,1240.3,1948.1,2501.2,2008.4,1564.4,1566.9,970.4,685.1,518.1,367.1,354,2800,1574.4,1314.6,1501.4,1403.3,1071.8,594.1,432.1,257.4,237.5,546.4,960.9,869.9,909.3,782,811.2,640.6,356.8,252.1,204.5,216,327.3,874,1227,1140.2,1130.3,1319.8,1046.2,630.1,572.7,416.6,356.7,706.5,818.7,493,473.2,464.1,458.2,327.2,297.6,230.5,196.1,174.8,125.8,358.1,2005.8,1923.6,1867.8,1853.5,1523,1003,723,447.7,503.7,355.7,1077.2
P78549,,,,,,,,,,,,,,,,,,,,,,,,,,,,,,,,,,,,,,,,,,,,,,,,,,,,,,,,,,,,,,,,,,,,,,,,,,,,,,,,,,,,,,,,,,,,,,,,,,,,,,,,,,,,,,,,,,,,,,,,,,,,,,,,,,,,,,,,,,,,,,,,,,,,,,,,,,,,,,,,,,,,,
Q9UNN8,,,,,,,,,,,,723.2,482.8,455.9,476.1,480.7,577.8,615.4,517.2,578.7,447.5,320,249.4,271.3,320.6,236.2,290.4,271.3,258.9,286.3,265.4,260.3,252.7,147.9,131.4,129.5,119.3,130.4,149.8,159.3,132.5,125.9,125.5,75.2,200,198.6,181.6,199.8,208.6,203.1,232.1,212.7,226.3,189,308,354,390.8,405.5,421.3,401.6,455.3,456.5,446.7,441.3,377.6,444.1,630.8,537.5,561.8,535.2,561.5,581.4,616,638.6,495.4,539.4,425.9,434,398.2,445,400.1,453.1,428.4,495.8,429.4,404.5,384.6,416.5,92.3,99.6,116.6,107.1,88.1,89.5,112,95.5,52.4,72.2,110.4,199,250.2,197,173.6,206.1,203,231.4,196.3,175.1,177.3,429,,,,,,,,,,,,64.5,73.7,67.8,87.1,73.5,82.1,56.5,48.7,47.3,38,139.6,56,44.8,60.5,48.9,53.5,41.4,49.4,36.7,36.1,46.5,59.2,378.3,444.4,414.7,369.5,332.6,395,360.4,315.7,246.6,255.8,398.4,,,,,,,,,,,
Q9BW66,,,,,,,,,,,,317.6,233.2,241.3,249,227.5,252.5,264.4,251.4,254.7,181.9,203.5,338.2,335.4,435.7,323.2,364.1,312.3,318,286.6,289.1,246.6,336.2,273.8,296.2,244.1,226.5,249.1,261.9,259.6,206.5,210.5,182.6,279.8,221,237.8,225.3,203.9,198.3,200.4,228,186,199.8,163.4,203.7,106.5,96.1,101.2,120.1,107.5,98.6,103.7,95.2,105.2,90.7,100.4,283.8,258.8,301.2,284.7,253,267.5,276.3,256.8,214.9,201.3,235.4,156.2,130.9,167.3,148.1,163.8,128.9,148,96,95.1,70.3,120.9,240.7,219,305,206.8,219.9,227.3,217.1,242.6,158.2,130.3,490.9,134.2,184.1,148.4,136.4,138.8,123.2,137.4,111.5,114.8,103.7,141.3,,,,,,,,,,,,95.4,132,169.3,167.1,137.2,152.8,103.4,169,157.3,115.3,222.4,,,,,,,,,,,,,,,,,,,,,,,,,,,,,,,,,
Q7L7L0,546.6,554.6,533.5,478.6,623.5,596.8,945.6,1025,1122.8,780.6,2677.7,1486.9,1151.9,1222.8,1406.9,1375.5,1602.1,919.3,1551.1,2109.1,1772.3,3722.8,1394.7,1120,1237.5,1036.5,1226.3,932.8,1394.8,1169.2,1152.5,1098.8,3473.2,3444.2,3286.4,2875.5,2938.4,2913.2,3604.4,3835.8,3778.7,5258.2,4518,6607.5,2653.3,2456.9,2167.5,3098.8,2765.3,2635.7,2992.9,3428,4759.6,2187.2,11312.2,1749.6,1772.2,2081.5,2218.8,1739.1,2578.2,3230.3,4548.4,5273.9,3250.2,8416.9,3158.2,2294.5,2611,2704.6,2756.4,3189.3,4203.6,6077.3,4595.2,5649.4,7818.2,1478.3,1599.1,1410.1,1276.4,1918.6,1899.8,2317,2768.1,2306.5,3135.6,5082.9,1176.4,620,1690.6,452,1210,1564,895.6,2359.5,1566.2,2435.3,4955.2,1437.3,1693.3,1283.3,1272.4,1581.7,1778.3,1869.9,2179.3,2176.8,1807.1,4910.6,256.8,177.6,223,255.9,233.9,416,428.3,545.4,551.5,576.4,975.1,597.3,621.3,588,488,599.1,675,742.8,1102.2,1219.5,1090.9,2931.4,671.2,700.8,462.8,763.8,620.2,887.1,851.9,979.1,1060.4,976.9,1474.7,634.1,671.4,782.3,567.2,531.2,893.3,2342.3,982.5,940.3,1001.9,2584.1,781.2,807.6,808.6,809.3,871.8,955.9,1066.7,1311.6,1490.3,1319.8,2424.5
Q9Y259,320.7,284.2,290.4,277.2,280.2,278,327.5,276.6,271.8,251.5,204.2,454.6,302.9,319.6,298.7,314.5,377,373.6,339.6,384.2,295.4,357.6,,,,,,,,,,,,446.2,367.9,347.9,339.5,353.3,414.3,380.4,307.8,372.6,271.8,317.4,583.9,594.4,569.2,640.8,601.9,598.5,633.1,524.7,639.7,442,586.2,489.2,497.8,503.3,525.5,483,524.3,474.3,430.7,522.6,390.8,478.4,83.1,74.7,74,135.8,81.3,70.4,51.1,50.1,79.4,48.9,35.3,,,,,,,,,,,,689.5,767.7,881.9,832.8,732.9,711.3,746.4,721.2,458.9,491.9,790.5,183.2,258.8,198,254.2,200,207.3,187.2,183,166.8,103.3,201.5,1124.5,913.1,985.1,969.1,967.1,966.3,1062.2,929.5,890.1,977.9,801.3,651,627.3,541.2,609.3,581.6,598.3,637.5,700.1,641,553.3,643.8,1044.7,1058.8,1152.6,1098.5,1070.7,1043.5,1100.7,899.6,796.2,820.9,976.4,892.3,897.6,881.8,868.3,784.6,916.6,940.5,814.3,719.4,650.3,800.8,1166.2,1085,1049.3,1130.5,982.3,894.9,823.3,609.9,545.8,432.4,846.1
P30154,1722.4,1757.5,1665.2,1461.8,1338.7,904.2,615.9,385,309,235.6,1690.8,5105.1,3516.4,3573,3539.4,3139.6,2829.1,1860,1277.4,1373.3,921.8,3358.8,2131.5,2335.6,2897.5,2184.5,2293.8,1431,993.9,564.1,489.5,468.3,2041.4,1886,1920.7,1780.6,1716,1626.9,1204.9,901.4,475.9,422.8,312.7,1602.8,531.5,528.9,520.4,536.4,457.9,388.1,314.9,185.2,149.4,103.1,648.9,1013.4,1072.8,1031.2,963.5,897,757.9,558.2,372.8,387,270.4,1259.5,3424.3,3221.4,3074.1,2756.9,2653.8,2089.5,1538.1,1137.6,887.1,866.8,3206.1,707.2,615.8,725.1,633.2,685.4,528.5,479.3,322,262.2,264,623.7,1091.2,1138.7,1386.9,934.2,954.7,783.4,606.1,444.9,224.4,271.4,1086.3,2028.9,2508.8,1986.2,1571.4,1719.8,1325.2,1042.3,659.3,527.7,490.2,2703.9,1404.2,1107.1,1224.5,1172.2,936,663.1,470.2,318.1,279.6,247.3,1170.9,1854.5,1797.9,1668.8,1687.9,1517.4,1155.8,831.9,626,501.4,403,2726.2,2471.2,2273,2583,2514.7,2144.7,1533.2,1024.9,642.5,515.3,471,2153.9,1813.1,1860.1,1751.4,1603.1,1268.3,1043,813.2,359.7,265.3,209.1,1892.8,1777.1,1827.9,1696.1,1704.5,1477.6,1056.1,760.4,390.3,366.4,311.6,1840.1
Q9BYG5,736.6,675.6,653.8,621.2,621.5,529.7,504.3,247.6,134.6,132.4,659.2,991.9,713.7,699.3,729.6,713.4,728.9,580.7,252.3,244,139.7,728.5,1527,1553.2,1916.9,1520.9,1785.5,1405.3,1267.6,650.3,486.6,427.6,1500,723.4,715.5,660.5,611.3,655.4,634.4,578.3,319.6,303.6,195.1,856.3,1398.3,1447.7,1330,1421.8,1349.2,1267.7,1147.9,630.1,512.7,339.5,1394.5,276.1,263.8,277.9,273.9,242.3,230.4,178.9,78.7,65.9,49.6,309.2,695.1,669,615.2,710.6,674,604.7,446,194.6,153,103.6,602,1189.1,1044.9,1203.7,1129.4,1181,964.3,958.9,389.9,281.4,238.3,1125.4,1405.4,1431.9,1815.2,1481.2,1407,1317.9,1228.5,763.3,338.1,356.1,1484.8,815.9,1042.6,824.2,876,840.6,747.1,680,299.2,199.1,148.2,749.7,1056.8,882.2,905.5,916.5,857.8,829.4,718.9,399.5,330.7,283.8,945.4,768.6,801.9,667.2,738.5,752.8,646.1,550.8,387,304.3,213.1,1149.9,610.4,616.4,656.3,576.9,620,499.8,504.2,264.1,185.4,177.9,603.6,1823.6,1827.4,1749.7,1776.3,1513.4,1693.1,1614.8,796.5,569.9,492,1823.1,1877.6,1912.7,1889.8,1909.2,1763.5,1654.9,1534,700.4,459.4,394.9,1572.3
Q99729,14500.8,17131.9,15009.5,15913.3,18139,17577.7,17436.7,14099.7,10883.3,12729.7,17078.5,18092.6,12744.6,13149.5,13662.3,13295.4,16622.4,16623.6,14423.8,13270.3,10184.3,15736.8,10517,11232.1,14611.6,10742.6,13493.4,11558.4,11773.1,9353.2,8086.3,7633.4,13331.8,14224.3,15207.9,13677.2,14261.9,14463.5,14547.4,15417.4,12688.3,11551.2,9354.6,15190.8,14046.5,14789.6,13597.1,12989.8,13586.6,14236,14922.6,12590.5,11968.7,9379.4,16449.5,10583.4,11489.9,10686.4,10979.8,11223.8,12501.6,12501.2,10493.2,10009.7,8249.1,10958.7,18235.6,15738.8,18767.3,16447,16412.1,17552.4,18969,17945.5,14258.2,16142,20352.6,14262.6,12810.9,14215.5,11771,14583.9,14361.9,15884,12178.6,12065,12390.5,18440.9,12159.8,12898.5,14822.1,14163.3,12378.5,13557.4,15276.3,13950.4,7533,9557.7,16732.1,12306.9,14723.1,11818.6,9661.9,11380.7,12145.8,14124.1,11902.4,9106.3,9344,16195.6,10281.8,8819.9,10247.1,11553.7,11432.1,15510.3,12734.3,10864.1,7772.4,10084.7,12204,7052.5,7027.8,7242.9,8131.1,7288.5,7853,7574.3,9318,7121.7,6498.3,14252.2,13547.3,11983.9,17754.4,13082.8,12753.6,11702.4,14200.2,11579.6,10505.3,10310.4,15157.4,14092.7,14229,13626.7,13332.9,11121,14006.7,21993.9,11759.1,10587.7,9431.9,15222.4,13298.4,13844.4,15181.2,13863.8,12582.7,12193.9,15486.8,11878.2,8408.7,10264.3,14147
Q8TEL6,,,,,,,,,,,,,,,,,,,,,,,,,,,,,,,,,,,,,,,,,,,,,,,,,,,,,,,,,,,,,,,,,,,,,,,,,,,,,,,,,,,,,,,,,,,,,,,,,,,,,,,,,,,,,,,,,,,,,,,,,,955,1008.1,910,1007,833.1,562,516.1,395.9,282.3,259.4,1321.1,30.6,24.1,15.2,23.4,15.8,7.1,5.2,,3.1,,19.7,,,,,,,,,,,,,,,,,,,,,,
P27540,246.6,209.5,189.8,193.1,164.7,129.2,125.7,66.3,45.1,25.3,131.9,279.2,193.4,223.5,234.4,214.7,190.2,132.1,92.5,142.4,63.8,136.3,,,,,,,,,,,,,,,,,,,,,,,,,,,,,,,,,,795.9,830.2,813.9,820.9,781.5,734.2,618.5,357.3,351.1,226.1,775.8,243.5,268.9,226.2,229.2,210.9,229.6,158.7,117.1,87.8,69.1,139.4,157.4,138.2,161.1,137.4,162.6,130.8,136.1,80.4,67.1,51.7,108.3,241.7,211.6,298.4,218.1,233.6,189.3,169.3,195.9,69.8,79.4,257.9,,,,,,,,,,,,92.9,73.5,85.7,85.5,60.7,55.1,54,31.3,23.6,15.4,57.3,,,,,,,,,,,,,,,,,,,,,,,,,,,,,,,,,,,,,,,,,,,,
Q5T280,552.4,642.3,611.3,538.1,477.1,173.8,88.2,84.1,63.9,60.6,504.9,1592.3,765.9,726.5,700,631.9,372.1,191.1,153,169.7,90.2,707.9,193.6,184.7,216.3,181.5,184,84,65.9,51.6,42,27.8,246.9,421.5,460.4,395.5,437.8,409.9,245.2,137.7,101.9,99.4,49.4,336.6,,,,,,,,,,,,150.5,142.5,155.5,180.1,133.1,102.2,62,50.8,58.4,36.4,101.9,642.4,656.2,596.4,698,565.8,346.1,244.2,211.3,184,156.5,539.5,748.1,663.7,739,625.3,677.3,403.5,313.1,201,199.8,154,751.4,231.7,184.8,276,238.9,192.8,99.4,60.7,62.6,33.2,32.3,284.5,699.3,836.7,665.2,544.4,554.1,322.9,238.9,201.1,183.4,142.7,838.1,1307.3,1063.6,1119.7,1084.7,996.3,560,417.4,341,307.8,289.1,1016.3,406,405.6,311.7,318.1,319,152.2,153.3,82.3,64.5,58.9,346.2,910,879.8,973.6,880.7,745.9,479.1,306.7,257.5,198.8,212.8,883.5,119.5,107.6,100.1,101.2,60.5,63.9,54.2,39.4,33,29,139.2,1133.4,1100,1019.8,1015.2,892.1,647.2,573.5,431.1,380,347.6,1167.6
Q96BX8,,,,,,,,,,,,,,,,,,,,,,,94.9,96.1,122.6,91.3,107.6,100,75.8,36.7,27,51.3,124.1,,,,,,,,,,,,,,,,,,,,,,,,,,,,,,,,,,,,,,,,,,,,,,,,,,,,,,,,196,229,227.7,250.5,202.3,184.5,148.7,82.4,40.5,61.9,223.8,,,,,,,,,,,,,,,,,,,,,,,190,250.5,254.9,241.2,223.9,199.5,137.7,98.7,86.1,61.1,277.3,219.1,231.1,257.2,192.5,222.4,166.6,151,61.2,53.8,54.8,232.4,,,,,,,,,,,,,,,,,,,,,,
P53597,4748,4929.9,4755.9,4667.7,4987.1,4590,4802.2,2345.3,1159.6,737,4549.7,9173.6,6323.8,6509.4,6503.3,6497.4,6982.9,7049.1,4179.3,3271.6,1820.6,5435,5629.7,5751.9,7291,5270.4,6523,5562.3,5299.4,3046.3,1696.6,1044.9,5234.3,2831.4,2857.8,2743.2,2697.4,2790,2861.4,2963.1,1442.3,864.1,504.2,2704.4,4346,4336.2,3966.8,4138.2,4286.1,3898.1,4111.6,1999.4,1162.2,534.3,3817,4547.8,4668.2,4700.5,4995.2,4713.1,4798.2,4550.5,2424.5,1651.3,743.4,4853.7,4356.3,4029.7,4041.2,3686,3859.6,4067.5,3799.5,2399.4,1352,849,3626.1,4874.8,4304.1,4788.5,4118.3,4721.2,4282.2,4807.3,2687.2,1722.7,1047.9,4481.8,4721,4984.3,5923.3,5086.4,4541.1,4311,4482.4,3113.4,1282.1,1105.9,4507,4522.4,5517.8,4511.2,3919.7,4425.7,4208.4,4318.7,2223.1,1210.3,813,4607.1,2704.6,2364.9,2646.3,2578.3,2565.8,2855,2720.2,1223.2,565.2,517.5,2246.2,2734,2792.4,2604.7,2846.5,2651.3,2515.9,2392.8,1757.3,876.2,535.1,3457.1,4524.4,4460.3,4396.3,4796,4312.4,4044,4115.5,2531.1,1459.9,1092.7,3721.4,3166.7,3460.2,3198.5,2967,2798.2,3004.6,2931.9,1521.1,778.1,537.9,2663,4859.7,4922.3,4764.1,4997.8,4597.2,4523.9,4502.7,2176.4,1170.7,870.4,3527.4
O75381,1069.7,1121,1045.2,996.9,848.2,771.7,740.8,718.6,603.5,543.5,1099.1,683,470.5,450.4,477.9,431.7,373.8,360.6,411.5,322.2,261.5,597,480.9,424.2,519.3,411.3,445.5,307.1,285.6,248.8,269.9,210.2,461.2,683.8,794.1,709.2,759.7,691.8,589.7,583,461.4,500.2,378.1,864.2,1298.3,1358,1336.9,1271.2,1084.9,949.1,904.1,891.6,910.5,690.6,1713.4,587.2,626.9,584.7,577.8,510.4,450,457.1,329.2,363.6,273.8,620.4,369.1,392.3,358.7,300.9,283.2,299.1,257.2,261.2,230.7,198.1,344.4,670.5,561.2,656,529.2,576.8,433.9,487.3,410.8,425.3,378.1,658.3,784.1,823.6,1000.2,718.5,730.7,647.9,679.9,721.4,360.8,356.3,836.8,1077,1300.2,1040.4,903.2,899.9,801.3,780.3,709.3,599,583.9,1455.1,579.7,497.7,562.2,538,549.9,607.2,580,520.1,433,623.9,509.4,,,,,,,,,,,,136.3,119.3,139.8,141.1,129,91.5,99.1,80.6,73.5,83.2,165.3,353.2,315,348.6,328.3,254.2,241.4,213.5,170.3,154.5,137.3,649.1,793.7,847.4,804.7,802.3,741,630.4,676.5,527.4,443.1,470.6,779.2
P46977,11323.1,11267.9,11152.6,10400.7,11043.8,10838.5,11230.2,7960.1,4493.7,3288.9,10579.8,13009,8871.5,8995.9,8733,8800.3,10138.4,10516.1,7403.8,5986.5,3127.8,9150.9,7095.5,7570.8,9646.4,6914.3,8512.3,7509,7526.8,5997.5,3790.5,2686.6,7634.8,8470.6,8705.6,8421.9,8728.2,9184.4,9159.5,9953.1,7287.4,4283.4,3014.4,8486.5,8051.9,7472.9,7353.8,7379.3,7777.2,7717.3,8556.6,6484.1,4837.6,2934.6,7815.2,8540.3,8659.6,8546.3,8676.3,8531.2,8991.8,9036.3,6491.6,5412.8,2958,8520.9,8299.4,7402.4,7328.5,6409.1,7156.1,7645.4,7546.9,5821.9,3609,2264.9,8491.6,8406.1,7233.3,7936.7,6769.9,8120.1,7912.7,9227.1,6009.2,4449,2989.2,8860,7046.5,7568.6,8553,6992.6,6744.6,6904.6,7481.1,6100.4,2500.1,2146,7127.2,7748.5,9925.3,7783.5,6711,7594.7,7749.9,8927.8,6658.1,4253.7,3106.4,9004.3,7262.9,6139.5,6821.5,6540.6,6598.9,6974.5,7238.7,4990.2,3127.8,2685.4,5932.5,5732.4,5760.1,5652.9,6162.6,5951.4,5886.8,5991.5,5521.1,2705.7,2091.2,9449.2,7576.2,6994.1,7595.1,7850,7497.2,6779.2,7310.6,5538.9,3476.3,2776.7,7533.4,5485.8,5826.1,5473.7,5105.6,4652.4,5319.4,4288.4,3931.6,2660.1,1846.6,5512.9,8650.2,8525.6,8016.5,8495.5,8100.5,8142.1,9195.9,6308.5,4034.2,2903.9,6832.3
P10644,7307,7482,7433.9,7123.3,7212.3,7121.8,6109.8,1608.4,1119.1,1038.2,4768.3,9343.8,6375.8,6760.3,6369.4,6459.3,7343.7,6294.8,2376,2286.2,1514.4,7254.5,3835.3,4152.2,5433.6,4151.3,4909.1,4323.8,3915.3,1578.9,1071.8,1018.9,6181.8,4991.2,5360.3,4968.9,5207.7,5362.8,5342,5054.8,1947.9,1489.2,1179,4561.2,7022,6812.9,6472.8,6409,6824.8,6764.9,6249.3,2694.3,2302,1569.8,9678.8,7729.7,8057.1,7926.9,7996.6,8106.2,8271.5,7159.3,2352.2,2209.3,1564.2,7028.8,5446.6,5012.4,5119.2,4556.3,4941.5,5214.5,4226.9,1727.4,1384,1273.2,5013.1,5038.2,4482.1,4923.7,4121.2,4981.3,4892.4,4853,1943.5,1756.2,1543.2,5558.4,2832.6,3020.8,3570.9,3145.6,2799.7,3041.7,2512.7,1181,506.4,529.1,3627.2,3549.1,4185.1,3546.5,3038.7,3429.7,3435.6,3077.7,1307,932.5,787.4,4951.5,6188.9,5198.2,5820.6,6170.2,5949.5,6966.5,5532.9,1279.4,1033.5,1039.2,4811,3079.5,3080.5,3041.2,3288,3145.1,2976.5,2471.7,952.9,642.3,572.1,5703.8,2653.9,2326.8,2858.7,2606.9,2539.2,2316.3,2244.5,712.4,494,513.2,3300.7,2966.1,3169,2866.9,2793.8,2609,2912.2,2981.4,978.7,753.2,588.9,4046.6,4541.9,4819.9,4863.8,4725,4504.3,4385.5,4197.3,1329.1,982.3,797.3,5871.7
Q9Y4G6,4190.5,4343.8,4203.2,4034,4048.6,2914.4,2008.6,1088.1,752.5,681.4,4365,16889.7,11639.9,11793.7,10937.2,10123.3,8109.5,5081.4,3103.6,3781,2086.6,10448.2,8163.7,8690,10970.5,8140.9,8984.6,5855.6,4354,2553.2,2313.2,2077.2,7931.9,4556.4,4546.4,4328.2,4337,4140.4,3231.3,2438.1,1409.8,1150.3,936.6,4535.7,12629.8,12454.4,12016.6,12487,11639.3,9260.7,6641,3943.7,3731.5,2597.5,12624.9,4026.9,4023.8,4080.1,4187.5,3578.3,2622.4,1824.1,1126,1122.7,778.6,5221.7,3680.9,3402.5,3355.9,3280.5,3032.4,2239.1,1543.1,1219.7,1136.5,838.1,3655.8,4487.6,3940.6,4479.7,3796.3,3806.9,2465.5,1967.1,1069.4,1074.1,784.9,3847.1,6424.5,6872.8,8063.7,6986.1,5718.6,4327.5,3176.4,2398.3,1354.6,1319.4,5792.8,7170.3,8885.2,6951.3,6563.7,6551.6,5100.6,3963.3,2231.9,1876.5,1565,7975.1,3307.5,2776.9,3046.6,3028.5,2749.5,2425.6,1602.7,1057.5,885.2,892.3,3417,3393.5,3531.3,3276.5,3532,3172.5,2253.2,1606.8,1123.6,798.8,709.6,5055,3686.5,3453.3,3819.3,3638.1,3092.2,2210.7,1417.7,882.7,699.7,631,3172.6,7605.2,8073.8,7452.4,7091.3,6148.1,5402,4114.3,2036,1616.5,1437.5,6916.9,9170.4,9113.6,9187.2,9049.6,8205.6,6291.5,4735.3,2280.9,2029.4,1570.1,7671.6
O15498,4652.9,4918.3,4836.1,4565.4,4988.4,4918.7,5364.3,4417.4,3377.9,3170.3,5389,7354.6,5013,5029.9,5101.3,5033.2,5878.5,5883.7,4633.5,4846.3,3267.6,4915.1,6479.3,6798.5,8594.8,6472.1,7690.4,6761.2,7469.2,6206.6,5071.3,4497.6,6261.9,4500,4696.5,4484.6,4633.2,4760.7,4907.8,5410,4214.7,3586.4,3033.1,4477.6,5244.4,5111.1,4843.3,5038.3,5096.2,5192,5884,4888.9,4808.7,3505.7,4549.5,4505.2,4684.1,4672.9,4905.9,4634.5,4861,4926.8,4090.7,4351.7,2943.4,4998.8,6642.8,6131.5,6285,5523.3,5861.3,6389.4,6445.3,5780.2,4361.2,4072.6,6006.2,6022.7,5392.7,6049.7,5078.3,6050.4,5858.1,6977,5329.2,4851.3,4096.9,5839.8,5521.8,6055.4,6964.3,6325.2,5460,5779.3,6810.4,6081.8,3317.3,4022.2,5966.5,4869.6,5836.6,4476.5,4162.1,4602.4,4577.6,5269.5,4596.1,3880,3785.1,6662.4,5264.8,4135.9,4460.3,4654.3,4435.5,5018.9,5124.5,4424.3,3661.2,3615.4,4515.9,2791.9,2906,2810,3128.4,2819.6,2944.1,2854.7,3179.5,2343.2,1997.5,4612.6,4717.1,4385.4,4617.9,4935.1,4380.4,4364.8,4844,4178,3337.7,3145,3739.6,5135.1,5276.6,4859.1,4647.9,4115.7,4969,5110.4,4356.7,3568,3136,3940.2,4772.6,4941.5,4658.4,4923.5,4604.9,4605,5448,4264.2,3216.9,3244,3078.4
Q8WVK2,163.6,177.6,196.2,216.5,170.6,177.2,163.6,144.7,133.4,158.5,320.6,,,,,,,,,,,,,,,,,,,,,,,,,,,,,,,,,,,,,,,,,,,,,239.9,312.6,242.9,241,350.7,231.9,325,211.9,276.6,455.5,922.7,,,,,,,,,,,,86.7,93,128.2,87.3,109.2,57.1,72.3,58.3,107.7,95.4,180.9,,,,,,,,,,,,227,229.5,178.4,158.5,190.5,181.1,180.5,162.9,107.8,153.3,493,61.9,101,65.4,87.4,60.9,107.5,91.3,86.7,92.9,106.5,161.5,20.7,19,21.9,22.2,19.4,21.5,26.9,30.6,21.4,18.2,90,20,14.8,25.2,15.4,22.9,12.8,17.3,14.8,18.5,25.6,39.3,,,,,,,,,,,,63.6,102.3,77.1,99.6,123.2,50.9,79.3,39.8,75,30.3,216
Q9BRT3,2265.2,2370.9,2207,2190.4,2099.5,1903.3,1669,881.4,594.8,434.2,1969.5,1853.6,1283.2,1325.3,1288.3,1215.7,1124.2,898.4,475.1,443.6,257.7,1059.9,962.1,936,1212.3,961.2,999.3,770.7,701.5,453.4,400.4,298.8,785.5,1305.5,1318.2,1210.9,1341.4,1184.6,1133.5,1082.2,616.4,565.2,361.6,1063.9,1689.5,1684.9,1664.8,1748.6,1581.4,1595.9,1407.8,839.5,707.7,409.3,1470.8,1500.3,1545,1429.1,1621.6,1435.7,1417.8,1170.3,618.2,582.2,373.7,1406,1466.8,1450.2,1478.4,1408.5,1317.2,1158.1,836.2,519.2,397.5,266.4,1320.2,803.6,686.2,791.3,718.3,821.2,645.7,572,275.7,215.6,178.5,754.1,1213.3,1417.3,1486.4,1338.2,1162.5,1183.3,1160.7,747.2,303.8,312.8,1268.7,1575.6,1987.1,1596.6,1369.1,1453.2,1408.4,1362.1,738.2,516.5,379.5,1527.5,1022.7,814.2,900.3,860.3,866.6,714,689.7,404.9,323.4,304.5,678.2,477.2,479.9,365.8,363.8,400.9,315.1,289.7,164.4,129.1,69.6,516.3,1141.4,1137.9,969.4,1359,1124.6,1183.4,893.9,493.5,310.3,275.4,838.4,1114,1159.8,1062.7,1091.7,825.8,942.8,722.8,498.4,331.2,239.6,1153.1,1640.5,1544.2,1455.4,1576.7,1457.5,1387.3,1379.1,753.5,496.5,371,1090.8
Q9H173,1995.6,2270.9,2259.8,2113.2,2493.2,2545.8,2536.4,1516.9,993.3,1024.4,2246.8,2964,2018.6,2152.2,2126.2,2041.6,2448,2051.3,1261.1,1305.5,866.9,2008.5,1857,2045,2635.7,1909.2,2395.8,2017.4,1860.6,1305,933.4,741.6,2326.2,1681.9,1876.9,1882.9,2071.8,2060.8,2002.9,1931.7,1223.1,792.7,664.1,1716.5,1341.7,1300.4,1285.3,1335,1371,1307.5,1399.4,1078.2,960.2,666.3,1770.4,2235.9,2265.4,2276.5,2353.9,2315.6,2367.6,2286.9,1336.3,1332.6,918.6,2053.2,2398.6,2115.8,2234.4,1830.2,2238.2,2252.8,2093.4,1498.3,1100.6,892.1,2077.3,1614.6,1436,1562.4,1401.3,1644.5,1610.6,1628.2,954.1,855.4,724.4,1354.3,1063.6,1156.9,1312.3,1108.5,1045.2,1114.3,1108.3,853.4,374.9,357.1,1088.1,555.1,752.1,611.2,520.3,566.8,584,635.9,451.2,337.7,295.8,853,2808.8,2280.4,2803,2778.7,2885.2,3152.4,2856.9,1616.5,1231,1402.3,2186,1004.1,920.6,778.4,838.3,855.8,782.3,789.9,679.9,371.5,348.6,789.9,2173.4,2123.1,2528.7,2369.5,2056.2,2037.4,1841,1387.8,1078.1,1062.9,1864.1,2002.2,2065,1906.5,1821.9,1752.5,2042.7,2197,1310.8,1057.6,899,2124.6,1957.6,2026.5,1978.5,2038.5,1961,1967.8,2201.7,1430,1075.3,1099.3,2197.6
Q6JQN1,,,,,,,,,,,,,,,,,,,,,,,,,,,,,,,,,,,,,,,,,,,,,418.9,402.4,409.3,405,366.3,277.4,271.5,151.9,109.5,100.6,506.2,,,,,,,,,,,,,,,,,,,,,,,,,,,,,,,,,,,,,,,,,,,,,,,,,,,,,,,,,,,,,,,,,,,131.9,167.5,183.5,194.8,163.7,113.3,71.4,40.6,25.6,14.3,265,,,,,,,,,,,,317.3,311.9,310.1,288.6,256.3,193.3,111.7,55.9,35,25.4,286.1,301.1,299.6,271.3,256.1,244.5,171.1,119.6,41.2,39.2,39.2,214
Q08623,2492.2,2616.8,2578.4,2542.1,2645.8,2600,2817,2371.3,1978.9,1860.3,2706.6,2943.9,2059,2119.7,2148.2,2092.3,2548.1,2442.8,2149.6,2273.1,1675.3,2155.5,2224.9,2449.5,3116.6,2464.6,2934.4,2543.9,2668.6,2235.5,1827.7,1805.1,2843,1865.9,1765.1,1795.2,1939.6,1899.1,1884,2000.5,1803.4,1492.9,1362.3,2119.1,2345.7,2237.6,2155.7,2285.3,2272.3,2341.4,2550.7,2171.5,2251.7,1651.3,2090.7,1877.2,1978.9,1970.3,1982,1942.6,2061.8,2150.5,1876.5,2040.5,1578.3,2605,813.1,677,770.9,754.1,742.5,850.1,816.6,805.4,657.9,707,898.3,2414.5,2083.7,2435.4,2018.4,2350.1,2389.1,2692.7,2123.9,1970.8,1707,2759.7,2141.8,2438.8,2809.4,2553.1,2170.1,2296.4,2596.7,2217.8,1289.1,1577.1,2372.7,1809.6,2340,1874.8,1475.1,1790.4,1807.9,2173.8,1824.1,1493.3,1393.2,2126.5,1424.6,1140.9,1330,1331.4,1339.9,1499.3,1450.7,1218.9,994,1257.3,1308.5,1274,1307.5,1180.4,1311,1252.7,1195.1,1260.7,1297.1,1042.1,956.2,1775.3,1568.7,1465.7,1913.2,1688.9,1537,1494.8,1419.4,1202.8,1132.6,1115.1,1589.5,1385.9,1418.3,1365.2,1312,1180.3,1417.8,1077.9,1096,907,808,1085.6,1499.4,1658,1707.9,1623.4,1543.7,1627.1,1828.8,1539.2,1307,1402.4,1264.2
Q9UBS4,7128.3,7326,7626.3,7212.8,7761,7745.6,7923.7,5929.4,4799.8,4435.7,7420.5,10257.7,7102.9,7330.3,7194.2,7127,8373.8,7960.7,6102,6652.1,4804.1,7605.6,7529,8243.9,10645.6,8006.7,9994.9,8626.3,8484.8,6773.9,5410.9,5504.4,7732.1,7328.6,7855.8,7458.2,7924.2,8141.7,7985.2,8385,6070.2,5265.4,4315.4,7696.5,7327.1,7151.4,6800.8,6874.8,7203,7304.8,7666.5,6662.5,6466.9,4793.3,6842.9,4950.8,5202.3,5042.1,5207.9,5123.7,5260.5,5388.2,3881,4390.3,3220.1,5362.4,6707.3,6625.2,6451.6,5523.2,6438.9,6868.8,6225.7,5141.7,4245.8,3833.6,6073.5,5862.1,5045.8,5830.8,4776.4,5785.6,5702.5,6602.1,4816.1,4297.1,4066.2,6066.2,6435.4,6108.5,8116.6,5977.5,6536,6794.4,6760.3,6232.4,3347.1,4040.5,6136.3,7554.8,9479.5,7523,5973,7320.7,7781.9,9048.4,7299.3,5453.7,5831,8411.6,5275.7,4349.1,4932,4883.6,4890,5408.4,5313.3,3886,3284,3890.6,5808.8,3110.1,3079.1,2748.1,2976.5,3004.8,2803,3044.8,2972.8,2279.4,2224.6,5718.3,3957.9,3545.7,4583,4053.8,3722.3,3573.4,3776.7,3021.7,2611.6,3055.6,3704.8,5352.4,5481.7,5117.9,5040.6,4466.3,5293,5535.6,4106.8,3592.5,3620.5,5643.5,5818.8,5934.6,5965.2,5831.7,5721.9,5621.5,6479.1,4641.6,3771.8,4110,5113.1
Q6PIJ6,,,,,,,,,,,,,,,,,,,,,,,,,,,,,,,,,,,,,,,,,,,,,,,,,,,,,,,,179.8,165.9,177.2,179.3,157.5,151.7,132.2,66.3,54.1,45.3,159.1,,,,,,,,,,,,,,,,,,,,,,,,,,,,,,,,,,,,,,,,,,,,,,,,,,,,,,,,,,,,,,,,,,,,,,,,,,,,,,,,,,,,,,,,,,,,,,,,,,,
P61026,7515.8,7969.6,7904.1,7553,7961.1,8076.6,8549.6,6976,5848.7,5844.8,8606.4,13600,9356.7,9483.2,9360.3,9284.5,10985,11748.9,9824,10502.2,8072.8,8756,13049.9,13975.9,17824.5,12876.6,15946.1,13954.6,14083.1,13083.4,11928.4,12198,12770.5,10986.6,10855.8,10420.4,10647.6,11149.7,11145.3,11962,9697,9617.4,8794.4,11076.4,17747.4,16889.1,15853,16887.6,17111.9,16228.7,18352.2,13738.6,15038.9,15626.6,14855.3,8513.6,8636.6,8586.9,8860.9,8372.9,8763.5,8907.7,8109.1,9757.8,7670.9,9951.5,10298.3,9558.6,9598.1,8225.6,9419.1,9828.1,9273.4,8819.1,7168.1,7611.3,10236.9,11521.8,9841.1,10890.3,9657,11113.5,10735,12573.4,10134.8,10135,9380.9,10455.3,8629.4,9486.6,10894.7,9738.1,8353.5,8571.1,9547,9150.1,5622.5,7157.6,6838.5,8897.8,11062.4,8748.6,7353.5,8787.6,8942.7,10612.2,9501.5,8403.1,9091.2,8924.1,8009.5,6766.3,7514.5,7317.6,7528.1,8237.8,8428.4,7084,5992.3,7630.3,7763.3,4428.4,4959.5,4094.6,4717.7,4505.6,4675.8,4741.2,4918.2,6471.4,3767.1,11955.3,6989.1,6765.2,6596.7,7414.7,6776.3,6642.9,6890.5,6135.4,5727.8,6238.1,6051.9,6550.8,7100.3,6772.4,6175.9,5953.2,6963.1,7018.4,6168.2,5663.8,5680.7,5663.5,9041.9,9055.3,8821.4,9173.6,8768.4,8968.4,10047.7,8685.2,7252.9,8119.9,6533.1
P08476,,,,,,,,,,,,1625,1123,1170.6,1131.5,1154.2,1118.1,992.9,835.5,952.4,661.4,933.9,2038.4,2198.8,2696.4,2048.2,2444.3,2109.1,2014.3,1762,1587.5,1446.7,1782.9,708.4,721.3,718.3,713.7,768.1,777.7,757.1,567.6,574.8,488.7,779.1,1661.4,1620.4,1565.2,1532.2,1648.6,1654.9,1660.7,1454,1505.2,1130.3,1502.2,277.6,297,291.3,297,291.4,301.4,290,232.8,293.9,205.2,573.6,,,,,,,,,,,,621,555.1,617.2,501,656.1,599.4,642,484.2,476.1,419.7,765.4,1247.4,1257.4,1612.4,1216.1,1218.2,1239.4,1053.9,1064.2,615.7,652.5,1264.8,701.7,878.2,694.7,673.4,696.6,659,709,575.2,517.2,432.3,767.6,239.2,207.9,245.1,236.5,227.7,255.5,248.9,223.7,194.5,211.2,361.8,,,,,,,,,,,,346.2,354.7,351.6,400.2,359.8,363.1,351.4,319.5,295.2,299,384.8,1199,1296.6,1235.8,1194.7,1083.5,1205.5,1271.4,987.3,887.5,729.3,994.3,1416.8,1457.5,1428.8,1467.3,1427.6,1497.8,1567.4,1191.7,1007.6,1014.9,1207.5
Q8TED0,1977.6,2059.1,2024.3,1943,2011,2194.6,2721.8,3630.6,3685.3,3661.9,3982.2,1958.5,1367.6,1388.7,1390.9,1429.1,1789.9,1786.6,2926.8,4176,3065.6,3786.9,2030.6,2034.9,2639.6,2192.8,2597.4,2454.9,2889.2,3512.9,3781.1,3510,5121.9,1156,1195,1108,1171.5,1215.4,1268.5,1572.3,1813.4,2083.1,1880.5,2354.5,1987.1,1927.9,1890.3,1885,1875.5,1917.4,2391.7,3140.8,3758.4,2875.3,4571.4,1285.5,1175,1135.7,1230.3,1144,1360.8,1713,2386,3287.9,2645.5,3058.5,1300.7,1293.5,1154.7,1028.1,1213.7,1322,1373.3,1780.1,2013.5,1978.6,2273.8,1828.4,1584,1863.3,1626.7,1887.6,1819.1,2207,2452.1,2863.6,2790.3,4088.3,1139.6,982.5,1463.3,1068.7,1132.6,1338.5,1291.4,2383.8,1626.8,2060.4,3179.2,955.5,1215.8,1009.4,918,968.6,1139.7,1509.8,2204.2,2002.2,2025.6,3354.7,694.6,630.5,614.1,620.2,650.7,889.4,1128.5,1646.8,1621.2,1927.9,1601.3,926.6,1023.8,936.2,996.4,977.1,1051.6,1108.6,1911.9,1766.5,1759.3,3092.5,896.5,878.3,958.5,958.4,880.7,837.8,852.1,1004.7,1020.8,1005.8,1502.5,1468,1565.5,1334.8,1488.4,1062.9,1532.7,1845.3,2384,2421.9,2269.8,3609.3,2091.6,2169.3,2122.3,2294.5,2221.2,2465.3,3175,3871.6,3549.8,3971.2,4735.4
P61758,14359,15034.3,14425.7,14119,14639,14491.7,14480.5,12549.8,10368.2,10625.5,12215.3,14086.9,9664,9528.8,9325.5,9291.3,10679.8,11256.8,9928,9514.5,7340.6,9099.7,7472.8,8229.2,10648.7,8111.5,9474.5,8356.3,9472.5,7593.1,6564.3,7365.3,9130.2,7741.9,8768,8482.4,9000.1,9288.6,9519.3,10167.1,7990.4,6712,6765.7,8528.8,12237.8,12118.4,11355.8,11710.9,11785.5,11716.4,12879.4,10580.7,10713.5,9045.8,12555.1,11399.5,11974.8,11543.5,11616.8,11552.8,12720.4,12817,11300.9,11879.1,10022.6,11708.8,9927.4,9157.1,9601.8,8484.2,8813.9,9698.8,9498.5,9277.5,7448,8001.2,9784.4,8621,7577.4,8414.4,7008.4,8674.4,8845.2,9559.6,7364.4,6929.1,7223.9,8891.3,9324.7,10546.7,11402.4,9936.9,8969.1,9264,10616.4,10050.9,5327.4,6890.7,10055.2,8907.9,11441.6,8798.3,7094.4,8485,8704.3,10330.8,8882.5,6962.5,7998.9,11570.9,10555.4,8550.4,10408.2,10265.2,10905.6,11133.3,11615.3,9169.6,7596.2,10151.5,9423.4,6764,6728,5898.8,6644.8,6646.1,6569.5,7011.6,7397.3,5775,5998.4,10241.7,8424.3,7410.7,8117.1,8719.3,8424.6,7830.8,8884.1,7888.5,6529.4,7934,8486.6,7521.7,7740.8,7322.1,7032.2,6221.1,7345.4,7877.6,6623.2,5741,5368.4,7078.2,12417.9,12714,12430.2,12341,11812.6,11407.7,13260.6,10836.8,8151.3,9940.7,11608.6
P62633,344.2,368.5,300.9,350.6,348,363.3,340.4,345.7,307.3,360.2,247.9,652.6,465.1,467.7,458.5,520.9,557.7,645.6,618.2,593.7,472,486.9,136.3,137.4,215.1,141.7,182.6,153,164.9,113.9,114.3,150.5,266.2,,,,,,,,,,,,226.5,204.2,196.9,183.5,215.7,224.8,284.5,218.8,245.3,192,186.3,788.2,777.1,735,866.2,861.7,1005.3,928.1,1068,840.4,797.3,728.6,216.1,253.7,292.3,326.6,267.5,251.8,226.1,223.3,307.7,238.3,262.9,158.7,132.2,167.4,144.6,171.2,141.1,152.8,125.1,159.3,145.5,173.6,400.9,482.2,544.7,447.9,517.2,460.8,491.6,555.1,340.2,314.7,456.9,,,,,,,,,,,,602.5,541.8,575.6,574.2,568.2,563.4,603.2,519.2,489.6,617.3,425.6,,,,,,,,,,,,308.9,312.9,362.5,370,319,317.8,321.6,279.9,278.3,295.6,189.3,246.5,303.2,300.4,309.9,233.3,266.6,284.2,261.1,241,246.4,274.2,429.1,505.2,434,487.1,432.4,397.5,454.8,373.6,320.3,367,362.1
D6RBQ6,,,,,,,,,,,,3801.3,2555.7,2635.4,2492,2481.7,2442.6,2217.4,1579.5,1187.1,684.1,2709.4,3416.8,3410.3,4104,3202.1,3711.7,2961.6,2967.3,2176.8,1196.6,895.2,2076.9,,,,,,,,,,,,2966.8,2786,2709.5,2905.9,2876.5,2597.5,2643.5,1773.7,1138.3,571,2324.8,,,,,,,,,,,,,,,,,,,,,,,352.8,312.3,367.7,280.1,356.9,326.9,411.4,352.5,171.1,186.6,544.7,170,162.8,211,169.1,163.9,167.9,128.9,141.5,75.1,70.7,82.8,1797.5,2245.8,1861.3,1696.7,1788.4,1762.4,1734,1311.3,924.2,646,1234.2,,,,,,,,,,,,,,,,,,,,,,,758.5,729.7,786,859.2,691.1,689,556.1,405,260.2,184.7,661,2261.3,2555,2388.5,2343.4,1815.5,2132.6,1901.2,1344.9,828.7,358.6,1469,2551.7,2627,2297.4,2533.6,2411.9,2254.7,2403.9,1518.7,971.3,517.2,1604.1
Q07889,,,,,,,,,,,,,,,,,,,,,,,,,,,,,,,,,,,,,,,,,,,,,240,245.7,244.5,280.5,250.6,198.9,139.7,96.8,89.1,51.5,205.7,,,,,,,,,,,,,,,,,,,,,,,,,,,,,,,,,,,,,,,,,,,,,138.1,178.9,138.5,150.5,138,118.3,110.1,83.5,80.9,55.2,172.6,213.7,197.2,223,235.3,232.1,172,86.6,49.8,44.9,51.5,222,,,,,,,,,,,,,,,,,,,,,,,,,,,,,,,,,,,,,,,,,,,,