	Q71RC2	P51970	0.15166859777544037
	P04632	P13929	0.12811517152695573
	Q96FV9	P08476	0.11519372445995753
	Q9BW66	Q9UBS4	0.1327305558667037
	Q8N5A5	Q99729	0.18146516990037748
	O60942	P46977	0.12211135976093809
	P04075	Q86SQ0	0.11875099400630088
	Q9Y6D5	Q9UBS4	0.07863787187250318
	Q9BSJ2	P11586	0.1499679477574218
	Q86XK2	P13929	0.10109646193043627
	O43617	Q14C86	0.10130277808010242
	P04632	Q08623	0.09839243126661416
	Q08623	P08476	0.14137837926032593
	P04075	Q08AM6	0.1032821259113197
	P30154	Q9UBS4	0.06689091441240674
	P83436	P11586	0.0772329824358357
	P31751	Q8N5A5	0.16849106711986173
	O00330	Q00577	0.19532985110368248
	Q86SQ0	Q9UBS4	0.11045651430052968
	Q9ULK4	O15498	0.13642091925418612
	Q8NHQ8	Q9UNN8	0.12348761496548481
	Q15434	O14879	0.38909879503900013
	O15066	Q9HA77	0.09550746406932445
	Q53EP0	Q9P0T7	0.09166082160884591
	Q9BW66	Q9Y4G6	0.07578638370686738
	Q9H173	Q9UBS4	0.1492283399841712
	O76071	P63104	0.08601648517746195
	P26641	Q9UNN8	0.10470390298938759
	P57105	P31751	0.17893767036126898
	Q9P0T7	Q9BRT3	0.09434976927062477
	P13929	Q9BQ67	0.08349422265554174
	Q53EP0	O43617	0.11522321526695517
	O76071	Q9Y6D5	0.16681361680427706
	P04632	Q9H5N1	0.08734673438520928
	Q05639	Q15434	0.1926787374999937
	O00330	Q08AM6	0.11933055740144151
	Q53EP0	Q92581	0.10113480884315977
	Q96FV9	Q8WVK2	0.14386845461286568
	Q13423	Q92538	0.09174280702136237
	P58546	O14879	0.14814181461502898
	Q9HA77	Q9H173	0.09552016461292764
	A0A0B4J2D5	Q9P0T7	0.07853399396365277
	P57105	O43617	0.10463013270090817
	O15066	Q9Y6D5	0.20105461250690745
	P13929	P61026	0.16958596362392728
	Q9P0T7	O95772	0.0791187202923343
	Q9HA77	Q9Y259	0.13145702089398145
	O60942	P26641	0.14644614860649874
	Q9Y6D5	P46977	0.09845948507072923
	P04632	Q9BRT3	0.12204072733513587
	Q9BSJ2	Q14C86	0.14560028033278538
	Q14C86	Q9Y259	0.08379573448884889
	Q92581	Q7L7L0	0.07046909493510174
	P13929	Q6PIJ6	0.08454890049481885
	P0DN86	Q9BYG5	0.08199757330653634
	Q7L7L0	P53597	0.10301973997720999
	Q53T59	Q9BRT3	0.1665050078583374
	P46977	P61026	0.08591502597286348
	O15066	Q9P0T7	0.08578267609833044
	Q53T59	P51970	0.09181147362264289
	Q9Y6D5	P51970	0.06406017273443025
	Q96FV9	P26641	0.16931743200139074
	Q00577	Q9UNN8	0.14208158414313396
	P10644	Q9UBS4	0.09576519585847075
	O00330	O15066	0.09397084333980035
	O00330	Q6PIJ6	0.1177484243834114
	Q92538	Q9UJX6	0.2999837578021755
	O95881	Q9UGI8	0.09182488334043715
	P04632	Q9BQ67	0.07417073596269111
	P31751	Q9BQ67	0.12239163186230882
	Q92581	Q9H5N1	0.10927991593270471
	Q96GX9	O75381	0.0823070260358475
	Q9H5N1	Q99729	0.11130178538240171
	P57105	A0A0B4J2D5	0.08053069843575299
	P63104	Q08623	0.15720785054765699
	Q7L7L0	P30154	0.10209544904715853
	Q15750	Q08AM6	0.10161865613416966
	P63104	Q92581	0.11641993649564913
	Q9ULK4	O75381	0.10032357945535526
	P63104	Q99729	0.3740551019308123
	P31751	A0A0B4J2D5	0.07472950165720518
	P0DN86	P61758	0.13593298875936338
	Q9Y6D5	Q16777	0.08020747418195145
	Q8TED0	P61758	0.1329459251128738
	O75386	P61026	0.1132504719995398
	P45974	Q92538	0.13532107739078986
	Q9C0J8	P61026	0.12722691183497062
	Q7L7L0	P08476	0.18696928351569592
	Q9BSJ2	Q7L7L0	0.12387954786362633
	Q53EP0	P26641	0.14930828304416327
	O95881	P45974	0.11151147445339808
	Q9ULK4	Q14C86	0.13428527223707806
	Q9Y6D5	P26641	0.24848640801641012
	Q4G0F5	Q99729	0.13580481427632257
	Q9P0T7	Q9Y259	0.09400877504576603
	Q86SQ0	P51970	0.1052718295752642
	Q9BSJ2	P26641	0.17356553579066022
	Q15434	Q16777	0.15468035423286275
	P63104	Q9H173	0.08273392187923602
	Q9BSJ2	P83436	0.08921058125206117
	Q13185	Q99729	0.48592553723123283
	Q8NHQ8	P04632	0.0930981498955456
	Q9H5N1	Q9P0T7	0.08877938294636963
	Q96GX9	Q6PIJ6	0.09284861628091982
	Q99729	Q6PIJ6	0.17182153068751366
	Q9Y259	P46977	0.07925283341208311
	O15066	Q14C86	0.16795801993147622
	P04632	P27540	0.07448412420836319
	Q15750	P10644	0.1021643566520459
	Q9UIJ7	P58546	0.057056042392280404
	Q96GX9	P27540	0.07965157625676751
	P26641	Q08623	0.09286619041589465
	Q92538	P63104	0.0908828249450224
	Q96FV9	O75386	0.14830861306598334
	Q00577	Q9UBS4	0.1572158656769945
	Q6PIJ6	P62633	0.12042472670330884
	Q4G0F5	Q7L7L0	0.0974278563453208
	Q9BYG5	Q08623	0.0928458443797924
	Q96FV9	Q14C86	0.23022163320355582
	P63104	Q9UBS4	0.13361677017805157
	Q9UIJ7	P13929	0.11220655410791738
	Q9BYG5	Q6PIJ6	0.33794383463390343
	P57105	Q71RC2	0.11725357714358026
	Q9ULK4	Q05639	0.10664308854110933
	O15066	Q86XK2	0.23284655166803533
	P57105	O75381	0.09523758913570292
	Q9BSJ2	Q92581	0.08086755290029034
	Q9BQ67	Q6PIJ6	0.1395520682116475
	Q96FV9	Q9P0T7	0.1079437141993954
	Q13423	Q9BW66	0.08706737310182606
	O95881	Q96GX9	0.08298898015999669
	Q13185	Q9BYG5	0.13305707345629386
	Q9UIJ7	P31751	0.05713922706958516
	Q8WVK2	P61026	0.3214294017345925
	Q15750	Q5T280	0.15885621684477877
	Q15434	P30154	0.1288270976707622
	O00330	P0DN86	0.09796173333686616
	Q5T280	P61026	0.13778265779327473
	Q00577	Q9ULK4	0.08755444692501892
	Q9UIJ7	P57105	0.09010272113974091
	Q13185	Q9Y259	0.10589387604125494
	P04075	O15498	0.30840454119699634
	Q96GX9	Q9BYG5	0.09069087084418924
	O76071	Q15750	0.2364120798163376
	P45974	Q96FV9	0.13306066956704918
	Q92538	O15498	0.07608637242285225
	Q9ULK4	Q6PIJ6	0.22674604688485236
	Q9BW66	Q8WVK2	0.16629664312001063
	Q96GX9	O15066	0.09690869418249748
	Q86SQ0	Q92581	0.10115214193976776
	Q14C86	Q9Y6D5	0.1684359090697187
	Q9H5N1	Q9UNN8	0.09375590759806869
	Q86SQ0	Q5T280	0.15395720134471547
	O60942	Q9BW66	0.09529850448003752
	Q9UNN8	P62633	0.46373482427144663
	Q15750	Q4G0F5	0.11404164882032534
	Q9Y6D5	Q9BW66	0.07822445097744048
	Q9P0T7	Q9BW66	0.11687145244759828
	Q9UIJ7	P26641	0.08535263878461957
	Q15434	Q9BYG5	0.18205735325873065
	P83436	Q14C86	0.20857651033143726
	Q86SQ0	Q9UJX6	0.1458016936121155
	Q92538	Q05639	0.12003711957821275
	P83436	Q9BYG5	0.0927451440902003
	O95881	Q8WVK2	0.14055415959886952
	Q99729	P62633	0.7194459800110303
	Q6F5E8	Q92538	0.11813355282185714
	Q05639	Q9BW66	0.14707610607601224
	P04632	Q05639	0.14864008628766565
	Q9BSJ2	P30154	0.15382343583868635
	Q86SQ0	A0A0B4J2D5	0.09556460149272364
	P31751	P51970	0.046830568004448
	O95772	P11586	0.06888063842935836
	Q71RC2	Q8N5A5	0.11548419826772885
	Q9UGI8	P13929	0.08665184127762944
	O60942	P30154	0.3230282471404193
	Q9BSJ2	Q86SQ0	0.21360803820919427
	Q8N5A5	P61758	0.16359534577371226
	O43617	P46977	0.0889326415179085
	P45974	P10644	0.15877631688324695
	O43617	P04632	0.1859992869187678
	P26641	Q5T280	0.1260166354022983
	P11586	O15498	0.06614135185106794
	Q9HA77	Q9BQ67	0.07799384403745081
	P45974	P62633	0.12241271756528933
	Q92538	Q9BQ67	0.1032522079505869
	Q99729	Q8WVK2	0.3690572944532482
	Q9BYG5	P53597	0.15748414015354442
	P31751	Q15434	0.22274212183100003
	Q9H5N1	O15498	0.08311782710775557
	Q14C86	Q5T280	0.15453353140490705
	P83436	Q9P0T7	0.09153434886863995
	P31751	Q14C86	0.10900664398190438
	Q9BW66	Q9H173	0.09526973459426638
	O00330	P83436	0.07942958763748979
	Q6F5E8	P51970	0.09070691044396104
	Q13423	Q8WVK2	0.3501200420516126
	Q14C86	P26641	0.10829484967877699
	O95772	Q6PIJ6	0.08270757439976273
	Q96FV9	Q9BYG5	0.1368645516031477
	Q99729	Q8TED0	0.16013815346833232
	O60942	Q53T59	0.12908121993766208
	Q92538	Q9UBS4	0.08508261047305514
	Q6F5E8	O95772	0.08506539118766271
	P30154	O75381	0.09278094338078581
	O15066	Q9Y259	0.09418185718063966
	P58546	Q9UJX6	0.10582579410460612
	P04632	O14879	0.09977400510133119
	P11586	Q6PIJ6	0.22441305273235507
	Q92538	Q86XK2	0.13528472843632958
	Q16777	Q9UNN8	0.17532084150347996
	O15066	P11586	0.20294192006761846
	A0A0B4J2D5	P62633	0.14532187492011364
	P04075	O43617	0.09869602057978823
	Q9BQ67	P11586	0.13777467242361968
	Q9Y259	O75381	0.09046609469494792
	Q9BRT3	P61758	0.08195729059355399
	Q96GX9	Q9Y6D5	0.07440361846306918
	Q53EP0	O75381	0.12283258406208725
	Q9UIJ7	P61758	0.1082417706134037
	P53597	Q9BRT3	0.09186684936726776
	Q9Y6D5	P61758	0.10135230774962345
	Q53T59	O75386	0.1181708964427432
	Q9C0J8	Q9P0T7	0.11052809901277348
	Q9UJX6	Q4G0F5	0.10523311442122331
	P83436	Q08AM6	0.09601813916664426
	P13929	O75386	0.11542923141175117
	O60942	Q14C86	0.29442689592381593
	Q8NHQ8	Q96FV9	0.17832785231842038
	O15066	P57105	0.13429441756585203
	Q9UIJ7	O43617	0.12143009594833616
	Q86XK2	O95772	0.08821187426778743
	Q00577	Q16777	0.29891033481639245
	P51970	O15498	0.2723694922948225
	O76071	Q86SQ0	0.19035805270858278
	Q13423	P58546	0.08681118270754125
	Q53T59	Q7L7L0	0.2119831150967429
	Q9UIJ7	Q92581	0.07849775479941398
	O76071	O60942	0.16011312161537436
	Q8NHQ8	P61758	0.1369889722957423
	O95772	Q8WVK2	0.13181654623065353
	Q15434	Q9UJX6	0.13421345566804546
	O00330	Q13185	0.28282120704118796
	Q6F5E8	Q86XK2	0.11190174684018304
	Q9UIJ7	P04075	0.19714721545850503
	Q96GX9	P04075	0.29016952762994247
	Q9P0T7	P51970	0.10979137878424461
	Q13423	P30154	0.0752975212393314
	Q9UIJ7	Q16777	0.18703980327457795
	Q71RC2	P08476	0.15774011587544964
	Q9C0J8	Q96FV9	0.1549614941530609
	P04075	Q7L7L0	0.3888527064657154
	Q9C0J8	Q7L7L0	0.11956372244578231
	O43617	P51970	0.26247203437902217
	O76071	Q9HA77	0.10747347492442076
	Q9HA77	Q9UNN8	0.08460775457525939
	P04075	P46977	0.0781786422550383
	Q9C0J8	P58546	0.12119844482443995
	Q71RC2	Q9P0T7	0.09792187270561599
	P27540	P61758	0.14555362225923013
	P51970	P46977	0.08067785913565723
	P58546	Q6PIJ6	0.22780113194528137
	Q9C0J8	P04075	0.11197784668610485
	Q96GX9	O43617	0.11197418946202739
	Q9BYG5	Q9Y4G6	0.19515635594721462
	P63104	P10644	0.40756649855651184
	O60942	Q9UBS4	0.11397114288235756
	P45974	P26641	0.14815740042447997
	Q16777	Q9H173	0.0677026627305916
	O14879	P61758	0.1569003421877333
	Q15434	O75386	0.15120795827711786
	Q9ULK4	P26641	0.08151836860615873
	Q96FV9	O14879	0.19396802930559326
	P57105	P30154	0.11714503661953413
	P51970	Q8WVK2	0.2608292924691283
	Q9P0T7	O75386	0.07866847616043901
	P58546	P51970	0.06825829707726305
	Q86XK2	P83436	0.15853124778601607
	Q00577	P10644	0.12231936206913976
	P0DN86	Q9H5N1	0.07877771243483758
	P63104	P51970	0.095974375471319
	Q71RC2	Q9BQ67	0.11330147622111982
	P45974	O15498	0.09330471577995786
	P10644	Q8WVK2	0.26322152986563757
	P04075	Q9UBS4	0.1286364216576648
	P45974	Q9Y6D5	0.1546442994220012
	P51970	Q6PIJ6	0.08389043778038638
	Q13185	P04075	0.11649940171318016
	P46977	Q6PIJ6	0.13310139311639788
	Q96GX9	Q9Y259	0.17957783251762882
	Q00577	P62633	0.5632858094360946
	P45974	P46977	0.20217733957304568
	Q08AM6	Q8TED0	0.09418956775624084
	P30154	Q5T280	0.0876045515488548
	Q9ULK4	P83436	0.09178407432625475
	Q96GX9	Q9BW66	0.11136015663046209
	Q96GX9	Q9UBS4	0.17749558275741836
	P51970	Q9Y259	0.18933171611755528
	Q9H173	P61758	0.11885514943077914
	P04075	P63104	0.4704299023820212
	P26641	O15498	0.08362479111876865
	Q53T59	Q8TED0	0.17133946995969582
	O43617	P10644	0.09792526259620049
	Q96FV9	Q53T59	0.13294814194106191
	O43617	P61026	0.161118450864319
	P04075	Q9BW66	0.12535743451673248
	P58546	Q86XK2	0.12331208641408373
	O76071	Q5T280	0.15114558990353358
	Q92581	P46977	0.08141596899084622
	Q9BRT3	P61026	0.0969663561136908
	P63104	Q9Y259	0.0957270414380155
	O76071	P45974	0.148319944286253
	Q15750	P51970	0.08179937757959871
	Q7L7L0	Q9UBS4	0.10061325626517403
	Q7L7L0	Q9Y4G6	0.1790684756420448
	Q15750	Q53T59	0.19792185630423298
	Q53EP0	Q9HA77	0.09265916877380809
	P31751	P61026	0.10311246655326967
	O60942	P13929	0.1013527378811996
	O43617	P30154	0.13675107721573299
	P04632	Q8TED0	0.15039761018076833
	P58546	Q05639	0.09790309129728526
	Q9C0J8	Q99729	0.23906922347669823
	O95881	O14879	0.08583765866273561
	Q15750	P53597	0.11783253688567287
	P04075	Q9H5N1	0.10013129795801982
	P0DN86	Q9UBS4	0.14212160725905756
	P57105	Q96FV9	0.11555039273586759
	Q13185	Q9H173	0.12870581194034
	P27540	Q9BRT3	0.10529012219056567
	Q15434	Q99729	0.5664312663795872
	P0DN86	O75386	0.08860419010450166
	Q8NHQ8	Q99729	0.17798807528131458
	Q9BSJ2	O75381	0.10721817615083935
	Q53EP0	Q9Y6D5	0.15295616384636584
	Q96GX9	Q4G0F5	0.10857699758602692
	Q9BQ67	P10644	0.14608140844695397
	Q9C0J8	Q9UNN8	0.08603128311150514
	Q96GX9	Q8WVK2	0.38515562101059314
	O15066	Q9BW66	0.10099681545678399
	Q53EP0	Q8N5A5	0.5065908977817893
	Q13423	P83436	0.08983290729408734
	Q9UGI8	Q9P0T7	0.06709017393407395
	O15066	Q7L7L0	0.21061081805100848
	Q86XK2	P61758	0.1896938441015839
	Q9P0T7	P62633	0.09961747603308935
	P11586	O75381	0.12435246397905848
	Q9BSJ2	P62633	0.11232416990620829
	Q86XK2	Q9BRT3	0.11715696988775598
	P04632	Q15434	0.09305418788096333
	Q9UIJ7	Q9UGI8	0.09131556128514415
	Q9UNN8	P30154	0.08499774490622045
	Q6F5E8	Q53T59	0.09444361101039639
	Q9HA77	Q9Y4G6	0.07476236900235819
	Q86SQ0	P58546	0.15894657776290877
	O15498	Q8TED0	0.1351096197112478
	Q05639	Q9H173	0.12206632940315937
	Q8NHQ8	P46977	0.10066050844523922
	O95881	P0DN86	0.14697218390931868
	Q13185	P45974	0.11507711093696785
	A0A0B4J2D5	Q8WVK2	0.10259459315156774
	Q9HA77	P13929	0.1839844553839767
	P27540	O75381	0.1443897776737324
	Q71RC2	Q15434	0.126144702694538
	P30154	P62633	0.0913506344685209
	Q13423	Q9UJX6	0.08306181855830348
	Q15750	O43617	0.10583509213504355
	Q05639	Q7L7L0	0.18406644607727002
	O00330	P31751	0.06706508696943397
	Q6F5E8	Q99729	0.2604089307675898
	Q08AM6	P30154	0.0599584038199244
	P58546	Q9BYG5	0.16279448303270588
	Q08AM6	Q9BW66	0.12129290319011803
	O75386	P51970	0.10365549426445209
	O76071	Q6PIJ6	0.1508842257854472
	O00330	Q9Y6D5	0.07710607600767361
	P58546	Q8WVK2	0.16884745746663743
	Q9ULK4	Q9UNN8	0.07919529507469078
	Q14C86	P62633	0.1357913355636083
	Q71RC2	Q9BW66	0.10708414691932483
	P31751	O15498	0.049111972593821294
	P58546	P53597	0.2708250638779817
	O95772	P27540	0.07101368566997197
	P26641	Q8WVK2	0.13482719951858138
	Q13185	Q86XK2	0.4094517875543703
	O15066	Q9UIJ7	0.12825209354763228
	O95881	Q6PIJ6	0.09383997248385677
	Q96FV9	Q9UBS4	0.10769741711308337
	Q6F5E8	Q15434	0.13457112609640595
	O75381	Q6PIJ6	0.14075319537837827
	Q9BSJ2	P13929	0.06966515374144147
	Q9UGI8	Q92538	0.1217159627246807
	Q00577	Q99729	0.20343975661823305
	Q86SQ0	Q8WVK2	0.18662069078502597
	Q9BSJ2	Q15434	0.18766746951495325
	P63104	Q16777	0.1268216741521267
	Q13423	P27540	0.10454296202438453
	Q9C0J8	Q9UBS4	0.12945320332515056
	Q9UIJ7	P63104	0.10163034601321563
	Q6F5E8	Q71RC2	0.096937682813521
	P11586	Q8WVK2	0.09791502100793469
	O43617	Q4G0F5	0.12581309725576384
	Q9HA77	O95772	0.11263621150519475
	Q13185	P57105	0.13399733553553592
	Q9UGI8	O95772	0.07443269521608167
	O60942	P58546	0.15274479990740744
	Q9UIJ7	Q9Y259	0.15577479865396343
	Q6F5E8	P57105	0.0987153887469858
	Q99729	P27540	0.2149304415935868
	O60942	Q8WVK2	0.28893778834842165
	Q9UGI8	P10644	0.22465502190813433
	P83436	P27540	0.09619413183261824
	P31751	Q9Y6D5	0.24199019726293136
	O15066	Q9ULK4	0.09991443177175552
	Q96GX9	O60942	0.1002923415216023
	Q15434	Q08AM6	0.08501404540577888
	Q9Y259	P10644	0.08637945768681014
	Q9Y259	P62633	0.13770686123271414
	Q96GX9	O14879	0.10212249698206574
	P0DN86	P04632	0.09524415593155106
	Q9ULK4	Q8N5A5	0.08376495240111093
	Q96GX9	P62633	0.3131951057509688
	O14879	P27540	0.17942657251575683
	P58546	Q14C86	0.12107628055737238
	P63104	O15498	0.3753460120630699
	O43617	Q9UJX6	0.09276581698960833
	Q9UGI8	O43617	0.0803546133787914
	Q9HA77	Q16777	0.08227968912605263
	Q8NHQ8	O75386	0.14088472319200576
	O00330	Q4G0F5	0.09226129922382693
	Q96FV9	P51970	0.09577470147002251
	O15066	P45974	0.18304417872847115
	O76071	O15498	0.08587509240256154
	P83436	Q9UJX6	0.09607413990126484
	Q13423	Q9BRT3	0.07062806258090915
	Q9UIJ7	Q9UBS4	0.16344307972733213
	Q53T59	Q9BYG5	0.11077098121000761
	Q9BQ67	Q9BW66	0.08746522858216924
	Q9BQ67	P53597	0.0976250137465872
	Q9UGI8	Q8WVK2	0.1536637256745943
	Q86XK2	Q7L7L0	0.07775139564476438
	P04075	P62633	0.28459585487687183
	Q16777	Q9BW66	0.09263673905060965
	P83436	P30154	0.08703348589812962
	P10644	O15498	0.07334915354431212
	P63104	P11586	0.08079006269185851
	Q15750	Q9Y4G6	0.287526597198192
	P04632	Q86XK2	0.08537921659777478
	P45974	Q08AM6	0.0819911221859273
	Q4G0F5	Q9BQ67	0.09601709514131072
	O43617	P11586	0.0760452158464775
	P26641	P08476	0.127333245990105
	Q9HA77	Q7L7L0	0.09180644452013256
	Q9UIJ7	A0A0B4J2D5	0.09535511123263815
	Q15750	Q92538	0.21128229140542673
	O95772	Q8TED0	0.10256250022858139
	P45974	Q86SQ0	0.19780365845585424
	Q15750	O15498	0.07854983772380374
	Q00577	P58546	0.100674280844792
	Q13423	Q86XK2	0.14765167969806312
	A0A0B4J2D5	P61758	0.10448097173741935
	Q05639	Q9Y4G6	0.09993426394120636
	Q96GX9	O76071	0.09744044877259336
	Q8N5A5	Q08AM6	0.10382454494513087
	Q8N5A5	P30154	0.13123178924007708
	O95772	Q9BYG5	0.08057236934105422
	Q9UIJ7	Q9BSJ2	0.0542068635881686
	Q08AM6	Q9UBS4	0.12249167169405888
	P31751	O95772	0.0701167758746879
	Q00577	Q53T59	0.11307953668920318
	P58546	P61026	0.11683864502361486
	Q9P0T7	P27540	0.07638838395492746
	P0DN86	P13929	0.1323409307470876
	P31751	Q8WVK2	0.1026223562314354
	O14879	Q7L7L0	0.2280963911296293
	Q13185	Q14C86	0.1573900064417063
	O95772	P10644	0.095801128322131
	Q13423	O14879	0.11420073419123852
	P31751	Q9H5N1	0.08716296723177538
	Q9UIJ7	P46977	0.08251727971396822
	Q13185	Q96FV9	0.5588493350627777
	Q96GX9	Q9HA77	0.08739729684950864
	O00330	Q53EP0	0.10061437459566036
	Q13423	P61758	0.30207491227881095
	Q9UGI8	Q53T59	0.09131835109718313
	Q00577	Q8TED0	0.2123961014078495
	Q9Y259	Q9BRT3	0.08144751126374132
	Q9BW66	P08476	0.15001139394822996
	O76071	Q15434	0.20438507586563776
	P51970	Q5T280	0.12750077972493298
	Q15750	P62633	0.14798870728185717
	O14879	Q9Y259	0.09726112322345339
	Q8N5A5	Q7L7L0	0.2432106740486649
	Q4G0F5	Q9UNN8	0.10550369246158295
	O15498	Q08623	0.13455986953493482
	Q15434	Q4G0F5	0.10699814276517944
	Q13185	P26641	0.13930624144764706
	Q13185	P13929	0.11145271662949813
	Q13423	Q53T59	0.08849839932129398
	O60942	Q08623	0.11213443729476666
	O60942	Q9BQ67	0.1965547091727257
	O15066	Q9Y4G6	0.12618744369333745
	Q96GX9	Q14C86	0.08575713470387558
	Q9C0J8	Q14C86	0.14694026095707194
	Q9BSJ2	P04632	0.10885615954324723
	Q8NHQ8	P61026	0.1379181670397412
	Q9UIJ7	P61026	0.5570567305246998
	O14879	Q9UBS4	0.10876713940674941
	Q08AM6	Q7L7L0	0.09911703278389455
	Q14C86	O95772	0.0736255368281222
	Q6F5E8	Q96FV9	0.116216637741585
	P04075	Q92581	0.0953975824408316
	Q9H173	Q6PIJ6	0.11835540104364864
	Q8N5A5	Q9Y259	0.14101731105836932
	P0DN86	Q9UJX6	0.05942656822384608
	O60942	P61758	0.2701389667094383
	P13929	Q08AM6	0.13893561074093821
	P13929	Q08623	0.12684638688511224
	O76071	O14879	0.18816786507881847
	A0A0B4J2D5	P61026	0.10356509175124945
	Q16777	P46977	0.05392476367457438
	Q8NHQ8	Q9UJX6	0.13635587345697447
	Q6F5E8	O15498	0.0964833180356987
	A0A0B4J2D5	Q9BRT3	0.07066196125390208
	O00330	P26641	0.08350482939252662
	P63104	Q9UJX6	0.08124396838091819
	P0DN86	P62633	0.12498577277195304
	O15066	Q08623	0.0948181036124569
	Q9UGI8	O14879	0.16363665394475177
	Q9ULK4	Q8WVK2	0.14999842921304354
	Q9UGI8	Q9BYG5	0.16778640199401032
	Q9BRT3	Q9UBS4	0.0786368213956324
	Q6PIJ6	Q8TED0	0.12002811708798435
	O75386	O14879	0.10779129733857262
	P04075	P61026	0.4952882063389435
	P61026	Q8TED0	0.38246916241102136
	Q9BYG5	P27540	0.25945763447695974
	O00330	Q92581	0.2762998742521882
	Q15750	Q99729	0.13924608454327073
	Q86SQ0	Q9BRT3	0.1096180289442138
	O76071	Q9Y4G6	0.174195534923319
	O95881	P11586	0.08941256404225524
	Q53EP0	Q6PIJ6	0.29000832877502775
	P13929	Q9P0T7	0.11703555109359212
	Q92581	Q08623	0.15065864543492832
	Q9C0J8	Q9BYG5	0.10933652109062855
	Q9H5N1	O14879	0.13149538453292783
	Q13185	Q8NHQ8	0.15155938572805597
	Q53EP0	Q9UGI8	0.350441360744177
	P57105	Q9BQ67	0.1414072208696941
	P13929	Q7L7L0	0.1906153101717056
	P31751	P46977	0.11389203185361614
	O43617	P31751	0.0798370101727727
	Q9BRT3	Q9H173	0.10538163582280675
	Q15750	Q9UBS4	0.09005619520222959
	Q9BYG5	Q9UBS4	0.09595290116987369
	Q71RC2	Q9Y259	0.11561490618176506
	P83436	O75386	0.1134114420537499
	P45974	Q8TED0	0.07492984225571533
	P31751	Q08623	0.076229632349278
	O60942	Q6F5E8	0.11589568753973724
	Q5T280	O15498	0.09381033178114481
	Q86XK2	Q05639	0.15202561399497402
	Q15434	Q9BW66	0.09541167356286866
	Q71RC2	Q16777	0.10101082650556649
	Q96FV9	P61026	0.1278185246398005
	Q7L7L0	P27540	0.1032662708403414
	P83436	P26641	0.09167480505834202
	Q13423	O60942	0.19987784368484426
	Q13185	P83436	0.11513235138160303
	O00330	O14879	0.09928925466615858
	O00330	P45974	0.07923479833152157
	Q6F5E8	Q9BSJ2	0.10368990273028598
	P04075	O75381	0.08916398533443246
	Q9UIJ7	P53597	0.07700816505761104
	P13929	Q9H173	0.09129412020348637
	Q4G0F5	Q8WVK2	0.1526922845617267
	Q53EP0	Q99729	0.21530950519172243
	Q71RC2	P26641	0.10260862989483865
	Q7L7L0	P61758	0.1122308185038153
	O00330	Q53T59	0.07925521917742122
	Q9BSJ2	Q9UNN8	0.09363139910637103
	Q13185	Q71RC2	0.4091505709907271
	Q13185	Q9ULK4	0.1887594470344194
	Q9BSJ2	Q9Y6D5	0.18060198237520603
	O76071	P04632	0.07929998295414549
	Q4G0F5	P53597	0.09027636125540164
	Q9C0J8	Q08AM6	0.09558994583648785
	Q9BW66	O75381	0.12015792987718302
	Q8NHQ8	P27540	0.16065125528644314
	Q00577	P04632	0.2321118429778589
	P83436	P62633	0.10805437085526723
	Q9UIJ7	Q9HA77	0.09047073519925117
	P45974	P63104	0.08307106456256691
	O60942	Q9UJX6	0.1808618649090715
	O60942	O95772	0.07843654109593681
	Q9Y6D5	Q8WVK2	0.11753683750443135
	Q9BSJ2	P61026	0.0869690992223544
	Q16777	P61758	0.11078299860636814
	Q86SQ0	O75386	0.13579535611145088
	O95772	P08476	0.12662473056090737
	Q9BSJ2	Q86XK2	0.12863209564923855
	Q71RC2	Q9ULK4	0.1773469438533841
	Q86XK2	Q16777	0.07054104254790121
	Q15750	Q9BRT3	0.13364811594732542
	Q15750	Q08623	0.08522356071044836
	O43617	P53597	0.09320753347326827
	Q13423	Q9BQ67	0.08367405443000443
	Q99729	Q9UBS4	0.1734598255879527
	P04075	P27540	0.08606129701353399
	O75386	P62633	0.14224843807915816
	Q92538	Q9Y259	0.13472920252570514
	Q14C86	P53597	0.09943801147199738
	Q05639	O14879	0.12703163862990366
	Q00577	O15498	0.1919225035436196
	Q53T59	Q99729	0.11041633451743386
	Q00577	Q14C86	0.13245652392765236
	O95772	P30154	0.06594305580941996
	O00330	Q9BSJ2	0.07352844361008394
	Q9Y4G6	Q6PIJ6	0.1475857046207109
	Q15750	Q8TED0	0.11104026208632861
	O76071	O43617	0.12867252682045247
	Q13185	O95772	0.1593664374689611
	Q4G0F5	P61758	0.11023000344003564
	P45974	O75386	0.09959980518807098
	P58546	Q5T280	0.09772108926049455
	P63104	P61758	0.2749197607476057
	Q8NHQ8	Q5T280	0.23251945804258176
	O15066	Q92538	0.1623000150347308
	Q9ULK4	Q9HA77	0.11625014168765307
	Q96FV9	P30154	0.20317564692225898
	P31751	P83436	0.07770687225350384
	O95881	Q5T280	0.10629598202892342
	Q14C86	P30154	0.19687683482763105
	P26641	P62633	0.17665865350436552
	O60942	Q08AM6	0.07826692952300503
	Q6F5E8	O75386	0.10104140319716155
	O43617	P83436	0.0942345239622371
	P57105	Q8N5A5	0.14542207373259314
	Q92538	Q8TED0	0.13828095039488644
	Q9H5N1	Q5T280	0.3866920654015431
	Q71RC2	Q9H173	0.09859888197800909
	O14879	P53597	0.14100708801875272
	Q9UGI8	Q9BRT3	0.08796141287764646
	Q99729	O15498	0.3826169720240817
	Q92581	Q16777	0.07849337285217615
	Q53EP0	Q13185	0.14914256405735213
	Q9UJX6	Q7L7L0	0.10510608713336307
	Q9HA77	Q9UBS4	0.10802093782346865
	P30154	Q6PIJ6	0.10592993887762596
	Q9ULK4	A0A0B4J2D5	0.06365270548627051
	Q8NHQ8	Q7L7L0	0.23183824962111166
	Q9BSJ2	Q8WVK2	0.09699105302047165
	Q16777	Q99729	0.12882444851839575
	O00330	P11586	0.17167605721911636
	Q9C0J8	P0DN86	0.09824113460829328
	P46977	Q08623	0.08691122333232949
	Q9C0J8	P62633	0.15583039467532186
	P58546	P26641	0.16168432050632764
	Q00577	Q9Y259	0.21426081507213132
	Q86XK2	Q14C86	0.20929577774603797
	Q9ULK4	Q7L7L0	0.07454785661140526
	Q9BSJ2	Q53T59	0.1290859216189163
	P45974	Q92581	0.0807353163756847
	Q13423	Q9BYG5	0.08717509354766236
	Q00577	Q05639	0.20554199065496154
	O60942	Q99729	0.2735931690504768
	Q14C86	P11586	0.0969434645596113
	Q9HA77	P53597	0.0950733631488789
	Q13423	Q9HA77	0.07828295375862691
	Q9ULK4	Q08AM6	0.1360378352446497
	O15066	O75381	0.14633412556454925
	Q71RC2	Q96FV9	0.1692496236076639
	O95881	Q9HA77	0.1324885920946778
	Q53EP0	Q08623	0.10940958458397945
	O43617	O15498	0.2627716388671999
	Q9Y6D5	P61026	0.10638273118591725
	P04632	Q96FV9	0.09130382059801559
	Q9C0J8	P13929	0.10719983276658171
	P0DN86	Q9Y6D5	0.07600964467972375
	P57105	Q8NHQ8	0.11940932355910616
	Q92581	P53597	0.07491061886872571
	O75381	Q8TED0	0.0829996548622524
	Q9Y6D5	O95772	0.06922031485548819
	P57105	P61758	0.15226160828609173
	P63104	Q9Y6D5	0.10738433111602416
	O43617	A0A0B4J2D5	0.23883967634436196
	O75381	Q9H173	0.12544175237361158
	Q13185	P46977	0.11172616496968364
	P13929	P26641	0.0938016621013599
	Q9H5N1	P51970	0.09660518426258848
	Q08AM6	Q5T280	0.0942132344596056
	Q92538	Q9BYG5	0.15773431962872903
	P0DN86	O14879	0.08615325107586319
	P57105	Q99729	0.1611548025637591
	P04632	P53597	0.0701248772261345
	Q16777	O95772	0.10115269070252626
	Q53T59	Q9UNN8	0.09939530294909205
	P46977	P10644	0.1370532040276425
	Q71RC2	O75386	0.1017179110796518
	Q9UJX6	Q8WVK2	0.10476232392050877
	Q71RC2	Q8WVK2	0.35799220626487555
	P46977	O15498	0.12879992471598217
	O43617	Q9ULK4	0.07616050000792117
	Q13185	Q9UJX6	0.1628557517776507
	Q92581	Q5T280	0.1508497052547458
	Q6F5E8	O14879	0.11825085262864307
	Q8N5A5	P62633	0.17197456078951925
	O95881	Q92538	0.08882433012685771
	P63104	Q9H5N1	0.08200337147831971
	O60942	Q96FV9	0.2945851541983285
	Q86SQ0	Q9HA77	0.1059526519047631
	O60942	P0DN86	0.09482223642376322
	P26641	P46977	0.10431204962373992
	O43617	Q8WVK2	0.11782173397962568
	Q92538	O75381	0.14040726199751627
	O43617	P61758	0.14539481840495677
	Q53T59	P11586	0.07607356336717139
	Q16777	Q5T280	0.12697836620834393
	Q71RC2	Q08AM6	0.0967222602094431
	Q9BSJ2	Q9Y259	0.09020846612531676
	P04632	Q9H173	0.07425508501055754
	Q9Y6D5	P10644	0.5502749540687499
	Q9UGI8	Q15434	0.2536898765435656
	Q9BSJ2	Q71RC2	0.09219674428599495
	P13929	O75381	0.10026640723084428
	Q96FV9	P10644	0.12426568791424711
	O95772	O14879	0.09576314745697158
	Q14C86	Q15434	0.2603569071177473
	P0DN86	Q16777	0.09234740111341656
	Q92538	Q5T280	0.11582945614797627
	Q9UNN8	Q6PIJ6	0.10393848255715629
	Q9HA77	Q9BYG5	0.08830769008860656
	O60942	Q9ULK4	0.10101120804130775
	O60942	Q9HA77	0.10993234021631319
	Q13423	Q71RC2	0.1590299975552932
	P63104	Q5T280	0.09633732277717952
	Q00577	Q9UJX6	0.09058710455830864
	Q9UIJ7	Q9Y4G6	0.0659662938495515
	O00330	Q96FV9	0.1122174914036187
	Q15434	P26641	0.1384295158674474
	Q96GX9	Q9P0T7	0.08889869900608938
	Q86XK2	Q9H173	0.11181687873504818
	P31751	Q99729	0.19039656494365895
	P58546	Q8N5A5	0.12196266157796347
	Q8N5A5	Q9Y4G6	0.13970450324057845
	Q9C0J8	A0A0B4J2D5	0.07195755164365164
	Q86XK2	O75381	0.14541313701297773
	Q9BQ67	P46977	0.09806217043785455
	Q8NHQ8	P58546	0.11613293402768653
	O00330	Q86SQ0	0.10801578773829998
	P30154	Q9BRT3	0.08176706869070126
	P27540	Q6PIJ6	0.26008219055680626
	Q9UGI8	Q6PIJ6	0.1950090265668163
	Q92581	Q08AM6	0.12431126650343606
	O75386	Q7L7L0	0.12611170331393132
	Q9UNN8	O75381	0.07411425491501639
	O60942	O15498	0.07763848740809817
	Q15434	P62633	0.2224250007814026
	Q71RC2	Q9Y4G6	0.08306067525758773
	O00330	Q9C0J8	0.11686595020875222
	Q9H5N1	P10644	0.08363348362836523
	O15066	P26641	0.1592661222246292
	P31751	Q9UJX6	0.12292772115023785
	Q92538	O95772	0.08461122261526013
	Q71RC2	Q86SQ0	0.14267604010457124
	Q4G0F5	Q9BRT3	0.23807557603048912
	Q9UIJ7	Q9H5N1	0.08109045574832176
	P31751	Q9H173	0.1051335663925438
	Q6F5E8	O75381	0.13310232747369338
	Q86SQ0	Q9ULK4	0.10548012042836456
	P26641	Q9Y259	0.10189635785318049
	Q86SQ0	P62633	0.19042580936006698
	Q96GX9	P51970	0.4003243876857697
	P0DN86	P51970	0.1262391725052479
	Q9BW66	P61758	0.11626784710286783
	P58546	Q8TED0	0.07150675714224318
	Q05639	P27540	0.12492098808041299
	Q8NHQ8	P62633	0.1739767356439321
	Q53EP0	P45974	0.19168517534562265
	Q9H5N1	Q9UJX6	0.16621819807061525
	Q9UIJ7	Q8TED0	0.15946608147817123
	Q8N5A5	Q16777	0.13960508610744823
	O15066	Q8WVK2	0.22139631535045998
	Q9UBS4	Q6PIJ6	0.09823420726892582
	Q9Y259	Q9UBS4	0.12680547621840935
	Q92581	P11586	0.08604181474768278
	P04632	P30154	0.07200288874162643
	A0A0B4J2D5	Q8TED0	0.1004528505889458
	Q9UGI8	Q9H5N1	0.0876195230465818
	Q92538	Q4G0F5	0.15039481712685346
	Q6F5E8	Q14C86	0.12810000349453962
	O15066	O60942	0.20108408492788685
	P04632	P51970	0.19647848117671435
	Q9ULK4	Q9P0T7	0.08356775913550593
	Q7L7L0	Q6PIJ6	0.14714104162021563
	Q7L7L0	P62633	0.32152902993231397
	Q9UGI8	P31751	0.24435005650777913
	Q00577	Q9H5N1	0.11401354826896892
	Q92538	Q96FV9	0.12737127876923135
	P31751	Q9Y259	0.11735134422289212
	P27540	Q8WVK2	0.13737049304284665
	Q9Y6D5	P53597	0.12336013529760453
	Q96FV9	Q9Y4G6	0.16085236604503275
	Q05639	Q9Y259	0.18110383344511094
	Q15750	P58546	0.11645894458702541
	P31751	O75381	0.10691196294650566
	P53597	Q9H173	0.12376112607503063
	Q9UGI8	Q8NHQ8	0.14302943072055832
	Q9ULK4	Q9Y4G6	0.0754771339972513
	Q96FV9	Q9BW66	0.09901996259885776
	Q9Y259	P30154	0.07284068342097304
	Q9ULK4	P62633	0.11852567985042507
	P45974	Q86XK2	0.16822202357591956
	Q9UNN8	Q9Y4G6	0.097056074031197
	P0DN86	Q9BRT3	0.08452479958899854
	P63104	P30154	0.10398413865887551
	Q9H5N1	Q6PIJ6	0.09570725497851869
	Q8N5A5	Q9BQ67	0.21685841920955096
	P27540	Q08623	0.07874712614590416
	Q08AM6	O15498	0.26672874560598053
	P46977	Q9BRT3	0.08060290451206749
	Q6F5E8	Q9UGI8	0.1558546416799768
	O95772	Q08AM6	0.1267311858756972
	P45974	Q05639	0.11828822875294223
	Q9BQ67	Q08AM6	0.07174729445481798
	Q9H173	P61026	0.09845137671515788
	P30154	P46977	0.12638570547001488
	Q53EP0	Q00577	0.14892782451361472
	O15066	Q9H5N1	0.11754552365557205
	P04632	Q4G0F5	0.13719446313964745
	Q53T59	Q9Y6D5	0.08704294561692053
	Q9UIJ7	Q96FV9	0.08792704329032916
	Q71RC2	Q92581	0.15603726001564852
	O43617	O95772	0.09431229701049558
	Q7L7L0	Q5T280	0.20287809325850925
	O15066	Q6F5E8	0.14160083244487498
	Q8NHQ8	Q9Y259	0.0995867035257687
	Q9Y4G6	P61758	0.09887131506211201
	Q13423	Q9H173	0.10119946397479061
	Q53EP0	P46977	0.20593611910081355
	Q96GX9	Q08AM6	0.10121596557668246
	P57105	Q9UBS4	0.08046762252760352
	Q53EP0	O14879	0.41640911270799347
	Q9Y6D5	Q9Y4G6	0.12229232089795669
	Q9UNN8	Q8TED0	0.1921338706511328
	P13929	P51970	0.1395153699520133
	P0DN86	Q8WVK2	0.18758668799650932
	Q53T59	P46977	0.0839887857049859
	Q9P0T7	Q8TED0	0.10181169096865633
	Q86SQ0	O75381	0.17407939399735753
	Q9BYG5	Q5T280	0.12493326564074886
	Q15750	P13929	0.08527823072706206
	Q9P0T7	Q8WVK2	0.1552692066141779
	Q9ULK4	P10644	0.11509328332018592
	P26641	Q99729	0.15292754968172861
	P45974	Q9BW66	0.0837244655805788
	Q96GX9	Q8N5A5	0.11255246823936782
	P58546	O75386	0.10293963728223873
	Q13423	O75381	0.08026762274634182
	Q05639	Q08623	0.18464244484086928
	Q05639	P26641	0.1862827256218951
	Q14C86	Q9UBS4	0.0818580655988057
	Q13423	Q8TED0	0.08788880322151227
	P04075	O14879	0.09824427652280922
	Q13423	Q92581	0.20508587827328142
	Q96GX9	Q00577	0.3798937634340852
	Q6F5E8	Q9UBS4	0.12439496260231929
	Q4G0F5	Q9Y259	0.12249379564659389
	Q86SQ0	P26641	0.1431084159791913
	Q8N5A5	P26641	0.15301651102486005
	P31751	Q92538	0.1414090917631366
	Q9BYG5	P61026	0.12095861686335913
	Q9Y6D5	Q08623	0.0787325199334787
	Q9BSJ2	Q8TED0	0.10626506921227998
	P53597	P10644	0.12982733542961525
	Q8NHQ8	Q9BQ67	0.12205433469681089
	P51970	O95772	0.12945965223050557
	Q9HA77	Q99729	0.1340063264626237
	Q9Y6D5	O75381	0.09798463790314879
	P10644	Q08623	0.09154321733855285
	P0DN86	P27540	0.0782850843804656
	Q9Y259	Q9Y4G6	0.07783209536368577
	Q8NHQ8	Q9H5N1	0.1711630733605399
	Q96GX9	Q86SQ0	0.11344937416787057
	O14879	Q9BW66	0.09716547567167283
	P10644	Q9BRT3	0.09692751666394599
	Q53T59	Q6PIJ6	0.09862465461297024
	O60942	Q9BYG5	0.2194265341374756
	Q96FV9	O15498	0.08018666680048994
	Q9UNN8	Q08623	0.10333862689178329
	Q8N5A5	Q9BRT3	0.1418006547024355
	Q92538	P0DN86	0.08465384432978255
	Q9Y4G6	Q08623	0.08078258024383299
	P83436	P53597	0.08134697674162679
	Q92538	P83436	0.09821405990045783
	Q15750	Q86SQ0	0.20422024837431937
	Q9BRT3	Q8TED0	0.11556157222411038
	P58546	P46977	0.16041873272475748
	P51970	Q99729	0.25972660723876745
	P04075	Q15434	0.11874172501367967
	P0DN86	Q8N5A5	0.09586181875010374
	Q9UIJ7	P51970	0.303920240284139
	Q08623	P61758	0.24196692658686997
	Q86XK2	Q53T59	0.1598203320777981
	P13929	P62633	0.16646705288969463
	P13929	Q9UNN8	0.16123622269753163
	O95881	P30154	0.059394487564147135
	O76071	Q92538	0.12187068004630729
	O60942	P62633	0.2107931765818575
	O76071	O75386	0.12357286693701476
	P31751	Q9Y4G6	0.14021951535034832
	O43617	Q99729	0.23211327392285352
	O00330	Q14C86	0.1119120595218047
	Q8N5A5	P11586	0.11795179484561537
	A0A0B4J2D5	Q9UBS4	0.07280674465032695
	Q8NHQ8	Q86XK2	0.18027780665483464
	P13929	P08476	0.18596235747346265
	O43617	Q5T280	0.10526729674316047
	Q9C0J8	P45974	0.14796517199054013
	Q6F5E8	P27540	0.12781682840424807
	Q15750	Q9UNN8	0.10668467277280333
	Q00577	Q71RC2	0.20506193166301495
	P04075	Q96FV9	0.10949306684870098
	Q9C0J8	Q9Y259	0.08932569980137947
	Q13185	Q08AM6	0.08016957659452695
	O76071	Q4G0F5	0.14756088238820572
	Q15434	Q9UBS4	0.0987844981731814
	P58546	Q9BW66	0.0784546626022551
	O60942	Q13185	0.24339206689503845
	Q9UIJ7	Q92538	0.07820317181353252
	O95881	Q92581	0.10576269156227956
	Q53EP0	O95772	0.12938150136482748
	Q9UJX6	Q9BYG5	0.16588855131274763
	Q15750	Q9ULK4	0.0813992288652638
	P26641	O14879	0.13011602233254918
	Q13423	O43617	0.10638420482924343
	P45974	Q6PIJ6	0.2736648753742855
	Q15434	P46977	0.12767170688062662
	Q6PIJ6	P61026	0.1349296347467647
	O95881	Q16777	0.060866724409843996
	Q96GX9	Q9BQ67	0.08151320050150701
	Q86XK2	Q9H5N1	0.18024505737131646
	O15066	P30154	0.10621410704521905
	P58546	P83436	0.08458421121910871
	P04075	Q14C86	0.0893188344873
	Q8NHQ8	Q9Y4G6	0.3400320356598972
	O75386	Q08623	0.07571736798843479
	O15066	Q13185	0.19014222201248784
	Q00577	P61026	0.3419243350828775
	A0A0B4J2D5	Q9BW66	0.08197246526223895
	Q99729	Q9H173	0.13398160259593395
	P13929	O15498	0.11913269634482607
	P04632	O75386	0.09040715389412304
	Q71RC2	P31751	0.08901011294593861
	Q86SQ0	Q8TED0	0.1801728058177782
	Q9UIJ7	P62633	0.18832772570302123
	O76071	P08476	0.1008667686544541
	Q53EP0	Q9BQ67	0.18462611804193438
	Q9ULK4	Q9UJX6	0.07110170330778083
	Q13423	Q8NHQ8	0.09020524460194443
	P63104	Q8TED0	0.1530799440293268
	Q15434	Q9P0T7	0.08714820883922243
	A0A0B4J2D5	Q9H5N1	0.07229552098052713
	Q14C86	Q08623	0.08431923328253513
	Q53EP0	Q86SQ0	0.5855945223260468
	Q9UNN8	Q99729	0.23502170242853376
	Q16777	Q6PIJ6	0.1286526378459402
	Q92581	P61026	0.13166882433568805
	P04075	Q9H173	0.1376459527251965
	Q9BSJ2	Q9ULK4	0.07633293549553181
	Q9C0J8	Q15750	0.12330162370798396
	Q71RC2	Q7L7L0	0.0946083373039675
	O15498	Q9BRT3	0.08901352484695768
	O15066	P61026	0.18387093980874233
	P10644	Q8TED0	0.10593715921202454
	Q13423	P0DN86	0.08282000741132602
	Q9BW66	P61026	0.14596057671322477
	O60942	O75386	0.13016145231518006
	Q9UGI8	P63104	0.13220549320348496
	Q05639	P61758	0.16478584129347004
	Q9H173	Q8TED0	0.0856624150104096
	Q9UIJ7	Q05639	0.28985139184832737
	P45974	Q9BYG5	0.18359471827591278
	Q71RC2	P11586	0.16134591956168015
	Q9HA77	P10644	0.08034758119176837
	Q9P0T7	P11586	0.04131864485686308
	O95772	Q08623	0.09468455575338966
	Q9C0J8	Q9UJX6	0.10649289250432696
	Q13185	O43617	0.12426291692656705
	Q8NHQ8	P53597	0.11819904821928373
	P11586	P46977	0.14275742004240455
	Q6F5E8	P10644	0.12533316758580193
	Q8NHQ8	Q16777	0.1233356948910512
	O60942	Q9H173	0.10146440433039694
	Q13185	P30154	0.11516208268286517
	Q9BSJ2	P0DN86	0.07506803693833092
	O00330	P57105	0.07450673724529125
	Q15750	P61026	0.10413745595334986
	Q53T59	Q8WVK2	0.11975518173971915
	Q15434	O95772	0.07999432208501672
	P57105	O75386	0.12156800028413496
	O95881	P31751	0.07739295819487568
	O00330	Q8WVK2	0.49253035427517544
	P31751	Q4G0F5	0.08850556831638065
	Q9H5N1	P61026	0.1164526604125895
	Q9Y6D5	Q9Y259	0.07651382883414214
	A0A0B4J2D5	P53597	0.07274400569599587
	Q15750	Q9BQ67	0.12793560935347
	Q53EP0	Q9Y259	0.11276557257541925
	Q9C0J8	Q9ULK4	0.16684078234648012
	Q71RC2	Q92538	0.08639941921389148
	O75386	O95772	0.07979726658387813
	O95881	P58546	0.10372505483077028
	Q92538	Q9BRT3	0.11407906105312993
	Q00577	A0A0B4J2D5	0.12877855354707213
	Q86XK2	A0A0B4J2D5	0.07235644643531514
	Q9UNN8	Q8WVK2	0.2178760655779349
	A0A0B4J2D5	P30154	0.0883842898536514
	A0A0B4J2D5	Q5T280	0.08633602433816065
	Q9ULK4	P27540	0.07742096462761362
	P51970	P27540	0.060326052999775
	P0DN86	O75381	0.0873485833574485
	Q9UGI8	P04075	0.09421701111149934
	P11586	Q9BRT3	0.08155575356684241
	O60942	Q16777	0.14065477310239075
	P57105	Q4G0F5	0.09920250648324619
	P0DN86	Q96FV9	0.08172309348073462
	Q05639	P61026	0.32254929057695636
	Q14C86	Q9BQ67	0.11354083705891993
	Q86SQ0	O15498	0.08961550545606187
	Q53EP0	P58546	0.20477509149464942
	Q96GX9	Q15750	0.08861938497029274
	P04632	A0A0B4J2D5	0.17236995117640716
	Q96GX9	P63104	0.10850533027724606
	P45974	Q5T280	0.10379018768212289
	Q9UGI8	Q9BW66	0.07226552741312937
	O95881	Q99729	0.1283507239735206
	Q14C86	P10644	0.1467314671360912
	P31751	Q53T59	0.08339656531425886
	Q86XK2	Q08AM6	0.10425290371493562
	Q9H5N1	P26641	0.09712259351315397
	Q15434	P10644	0.11948272066953121
	Q86SQ0	Q99729	0.27944903159835016
	Q00577	P08476	0.25918671766773127
	Q13185	Q5T280	0.15468036254252
	Q92538	Q53T59	0.11958437300425065
	Q9Y6D5	P08476	0.08361068995913867
	O15066	Q8TED0	0.16009296431739103
	O75386	Q4G0F5	0.1294531979643344
	Q15750	P45974	0.13743971952677944
	Q13423	Q99729	0.13556620494547988
	Q92538	O14879	0.11151716349653355
	P08476	P61758	0.14066883860897694
	Q16777	P62633	0.27225649253600054
	P13929	Q15434	0.09571241949804091
	Q7L7L0	O75381	0.06651116323951205
	Q53T59	Q5T280	0.2672122343062909
	P26641	Q16777	0.15973392846382592
	Q71RC2	P27540	0.14450391332834794
	Q9C0J8	P30154	0.1028349827805678
	O75386	Q6PIJ6	0.11922577578676434
	P0DN86	P61026	0.14238528078465676
	Q00577	Q9BRT3	0.08159517186017036
	Q6F5E8	P63104	0.10483891155399974
	Q9BSJ2	Q16777	0.0831652777065671
	Q9UIJ7	Q9Y6D5	0.06327953090277987
	P31751	Q9UBS4	0.07006481343194569
	Q13185	Q9Y4G6	0.10285489749099773
	Q13423	Q7L7L0	0.08111647142454873
	P26641	Q9BW66	0.09146638812825043
	P51970	P61758	0.4493364718209242
	O95881	P62633	0.11729485236813839
	Q8NHQ8	Q08AM6	0.0813640495204598
	Q96FV9	Q9UJX6	0.17479849004323872
	P83436	Q16777	0.10677050087397115
	P13929	Q9Y6D5	0.07701274591699729
	O95881	Q05639	0.09757427468368693
	Q6F5E8	Q5T280	0.10358438698671273
	Q08623	Q9UBS4	0.17274071476246114
	O76071	Q9UJX6	0.17261789905661118
	O43617	Q15434	0.10370941851303983
	Q9BQ67	O14879	0.17189053750236746
	O43617	Q86XK2	0.10023758977268271
	O95772	Q9UBS4	0.15257322967391015
	P31751	O14879	0.15489483863459697
	O95881	Q9BRT3	0.17196829635352634
	Q9Y259	P27540	0.08150321037437444
	Q9HA77	P61758	0.09178444590745338
	Q53EP0	Q7L7L0	0.24781664902685915
	P31751	P13929	0.05782317651758003
	Q96GX9	A0A0B4J2D5	0.1042648099639223
	Q9ULK4	Q86XK2	0.24086139813882332
	Q53EP0	P61758	0.18574626041196293
	Q15750	Q15434	0.2673613863692008
	Q9C0J8	P57105	0.09978951523181584
	P10644	P62633	0.4009536963185629
	O95881	Q9Y4G6	0.06920167579891492
	Q9UGI8	Q71RC2	0.0961645108501276
	Q13185	P53597	0.1063993734154501
	P26641	O75381	0.11429606394679331
	Q4G0F5	Q9UBS4	0.1253950666404351
	Q96GX9	Q13423	0.133409446342034
	O00330	Q9H173	0.07812335054900714
	P31751	P10644	0.17815548467882755
	P04075	Q99729	0.2138211826360666
	Q13185	Q9H5N1	0.1390579713170972
	Q15750	P61758	0.11084000891738983
	Q8N5A5	Q8TED0	0.16104584182368084
	Q9UJX6	Q9BRT3	0.0894468060715179
	Q8NHQ8	Q9P0T7	0.08833077535673889
	P61026	P08476	0.41736965564738177
	Q14C86	Q8WVK2	0.13731617429436374
	P0DN86	Q9H173	0.0961115067787238
	P04075	Q5T280	0.12074598716619968
	Q92538	Q15434	0.11783908437724255
	Q08623	P61026	0.14045070703612872
	O43617	Q08623	0.14325902093685766
	Q96GX9	P45974	0.07610468754900503
	Q05639	Q16777	0.12682600455527535
	Q05639	P51970	0.167038485784916
	P08476	P62633	0.2206342083184356
	Q8N5A5	Q6PIJ6	0.15930861550518102
	O95881	P26641	0.16578849323215292
	Q15750	Q05639	0.12516552173426926
	P63104	Q53T59	0.08712569144409606
	O15066	O15498	0.08332888339949811
	Q13185	P61026	0.22521167363804873
	Q9C0J8	Q92581	0.09323693213476766
	O15066	Q92581	0.0843753125517916
	Q4G0F5	P30154	0.0781701136319793
	P31751	Q9ULK4	0.06558647124131435
	Q96FV9	Q92581	0.1132085180878549
	P13929	Q9H5N1	0.13460764682015128
	Q8N5A5	Q9UJX6	0.2401866294578441
	Q53T59	O14879	0.16153635752325862
	P04632	P62633	0.14451205285779326
	Q9UGI8	Q13185	0.15327019341824724
	P83436	Q9H173	0.09065868897422637
	Q13185	P62633	0.4858630078462772
	Q8WVK2	Q08623	0.21022441938858724
	Q96FV9	Q08AM6	0.08152472767012228
	P58546	Q9H173	0.16792628802314113
	O60942	P57105	0.14033288718688414
	Q86SQ0	Q53T59	0.1247681900001345
	Q86XK2	O75386	0.19421459696642793
	Q9UIJ7	Q4G0F5	0.09765532657899968
	O75381	P61026	0.09268978279068874
	Q9HA77	Q92581	0.21954371519214314
	P30154	Q9BYG5	0.12403068888191673
	Q13423	P13929	0.08235553470310367
	P58546	O75381	0.11605422752713805
	O95772	Q5T280	0.09822711417776797
	Q9P0T7	P61026	0.10431180058282423
	P13929	O95772	0.11468184842843138
	Q8NHQ8	P31751	0.1965633550176317
	Q08AM6	Q99729	0.09971370650859807
	P58546	Q15434	0.1383832659580775
	Q9P0T7	O75381	0.078252204217893
	Q9H5N1	Q08AM6	0.12734966508169573
	P51970	P53597	0.37009104551411726
	O76071	Q92581	0.09522685938507008
	P57105	O14879	0.11535821254321055
	P83436	Q5T280	0.20911466605643222
	O75386	Q9UBS4	0.09343377613602245
	P0DN86	O15498	0.12210035779691991
	Q53T59	Q9UBS4	0.10032399379010558
	Q8N5A5	P27540	0.16956704581052282
	Q9UGI8	Q14C86	0.10553520084506582
	P63104	P61026	0.18952676023211182
	Q96GX9	Q9H5N1	0.10119388590205707
	Q14C86	Q9UNN8	0.10283539503527525
	P83436	P61026	0.10865078446427166
	P45974	P0DN86	0.08322704570426889
	O76071	Q6F5E8	0.12174089366435686
	Q71RC2	O14879	0.11031039996533619
	Q86XK2	Q9BW66	0.13528593903419664
	Q15750	P46977	0.10511614468327751
	Q05639	Q9UJX6	0.12297342864225815
	P04632	Q8N5A5	0.1315619851596629
	O14879	Q5T280	0.13411344463284458
	P11586	Q5T280	0.08803508170475778
	P0DN86	Q15434	0.10262708218237797
	Q13423	Q86SQ0	0.13726182523783587
	P27540	P08476	0.09904083183362003
	Q15750	Q9BYG5	0.1622517628724439
	Q05639	O75381	0.11940319902257518
	Q15750	P27540	0.20672237281992242
	O75386	Q5T280	0.15528696544961448
	O00330	Q9Y259	0.12405495478390409
	Q8NHQ8	P63104	0.10149591022243841
	Q92538	P46977	0.11129524108184012
	Q15750	Q9UJX6	0.14745396354960133
	Q9UGI8	P58546	0.3678907010699862
	Q05639	Q9P0T7	0.11159866196027841
	P27540	P61026	0.09317328838890643
	O95772	O75381	0.07941646763331926
	Q15434	Q8WVK2	0.2147669508168794
	O76071	Q9ULK4	0.08268984373713728
	Q9BSJ2	Q6PIJ6	0.21175264874182115
	Q9Y6D5	Q99729	0.11298227678665303
	Q8N5A5	Q9UNN8	0.15628432288070276
	Q9UGI8	A0A0B4J2D5	0.07405606090777142
	P04632	Q92581	0.091121818910275
	O00330	Q99729	0.17128339034166573
	Q96GX9	Q8TED0	0.2601797794728686
	Q6F5E8	A0A0B4J2D5	0.08955409536847506
	P57105	P51970	0.07271358105644232
	Q08623	Q8TED0	0.1104251984974491
	O43617	P0DN86	0.08264289423846012
	Q7L7L0	Q9Y259	0.16802708945923722
	Q9ULK4	Q5T280	0.09403342636838787
	P58546	Q9BQ67	0.12468493431048341
	A0A0B4J2D5	Q6PIJ6	0.08844753941825427
	Q92538	Q9Y4G6	0.16493576182802624
	P31751	Q5T280	0.09587310647018384
	Q15750	P08476	0.10905150693960583
	Q96FV9	Q86XK2	0.30179091076885545
	Q8NHQ8	P11586	0.10630184198419655
	Q14C86	Q9BYG5	0.1319274077265752
	P63104	Q05639	0.18895645561028693
	O43617	P08476	0.12798413478928372
	O00330	Q9P0T7	0.0827959875474742
	Q9HA77	A0A0B4J2D5	0.07549124774011955
	Q9C0J8	Q16777	0.09715710055032907
	P04075	Q05639	0.23660790962177788
	P0DN86	P53597	0.08854109074893539
	P31751	P26641	0.18396831458194807
	Q8N5A5	Q15434	0.2509092822121385
	O60942	P45974	0.14161257573889965
	Q5T280	P53597	0.10023319462099091
	A0A0B4J2D5	Q15434	0.09170476674913809
	P04632	P61026	0.17442262345803466
	Q9C0J8	P53597	0.13604357270557343
	Q53EP0	Q71RC2	0.166745609599892
	O95881	Q9BYG5	0.09205485206573072
	P04075	P0DN86	0.1194686497020441
	Q92581	Q9BW66	0.14758139847705473
	P57105	Q14C86	0.0935566189345304
	Q71RC2	P61026	0.24229415845409233
	Q9HA77	O75381	0.10128491751071803
	P0DN86	P08476	0.20930899323834687
	Q86XK2	Q9UNN8	0.1112425191866988
	Q13185	P10644	0.294672439259473
	O95881	Q9BW66	0.11183347732835536
	Q6F5E8	P04075	0.12234347867510163
	Q08AM6	Q9UNN8	0.08240720032514016
	Q6F5E8	Q08623	0.1378600908243996
	P04075	Q86XK2	0.10212582747741925
	P57105	P53597	0.12959744613053956
	Q9UGI8	Q5T280	0.11849676807386345
	Q9C0J8	Q5T280	0.12716413659139897
	Q6F5E8	Q9Y259	0.10783471906960278
	O00330	O15498	0.17122484584990033
	P45974	Q15434	0.15651781494620173
	P63104	Q9BW66	0.09655022394364529
	Q16777	O75381	0.04367378194049839
	Q00577	O75381	0.09840593259185591
	Q13185	Q92538	0.10740960156456787
	P83436	Q4G0F5	0.12138648333545017
	Q9UGI8	Q9UBS4	0.09417388825792845
	P04075	Q8N5A5	0.12631332618177263
	P63104	O95772	0.08554912555321526
	P51970	P08476	0.2864378888522267
	P0DN86	P63104	0.0901373897835107
	Q9UGI8	Q9Y4G6	0.10938021524253616
	A0A0B4J2D5	P27540	0.08054295347455057
	P11586	Q7L7L0	0.11279158602591186
	P04632	Q7L7L0	0.19652420264257403
	Q9UIJ7	O14879	0.08782766090928576
	Q71RC2	P10644	0.1644238148215882
	P04075	Q8TED0	0.5045451336740786
	Q86SQ0	Q08623	0.10865418117094518
	Q15434	P08476	0.20713366941904732
	Q15434	Q5T280	0.1539305470728968
	Q13423	O75386	0.07357898195609136
	Q6F5E8	P13929	0.18325281733388327
	Q53EP0	Q96FV9	0.18575465837325622
	Q7L7L0	P46977	0.07360745419478372
	Q05639	P10644	0.11121707720763759
	Q4G0F5	P11586	0.08161922946175217
	Q9P0T7	Q9BYG5	0.07296680758050879
	P13929	Q9UJX6	0.07480212827297181
	P04075	P11586	0.07569477840260283
	P13929	Q9UBS4	0.12617148213963492
	O75386	O75381	0.11131980950675872
	P31751	P63104	0.09151992324950387
	Q9UIJ7	Q53T59	0.08000882925715311
	P45974	P58546	0.2547507368898766
	P57105	Q9BYG5	0.4131144923042756
	O75386	Q9H173	0.08743384116349089
	Q9UNN8	O15498	0.089953475228457
	O60942	Q9P0T7	0.09138273575333472
	Q13185	Q15750	0.12427764423146748
	O95772	Q7L7L0	0.127060386220156
	O75386	Q9BYG5	0.1144503647447672
	P57105	P26641	0.1825714925704291
	Q9H173	P08476	0.10281353366911064
	Q05639	P62633	0.20592839794011206
	P04632	Q9HA77	0.0904712458928738
	P51970	Q9BRT3	0.09518231172018744
	Q92538	Q92581	0.09055034399810381
	Q6F5E8	P0DN86	0.12675014658189881
	Q96GX9	Q9UGI8	0.09308059056720015
	Q13423	P26641	0.08242135163503282
	Q5T280	Q9H173	0.09657339581326607
	P04075	O75386	0.10145546118928558
	O75381	O15498	0.08536235864607386
	Q92538	P10644	0.12989758777298413
	O95881	P08476	0.0960737446784694
	P31751	Q05639	0.13938725277782751
	P27540	Q9H173	0.1130785144110854
	Q92538	Q9UNN8	0.11876376059704818
	O60942	Q00577	0.11960634596035673
	Q15434	P27540	0.26720703259138534
	Q05639	P30154	0.09040030470598545
	Q86XK2	P61026	0.14692529827985207
	Q86SQ0	P27540	0.27842721528140907
	Q86XK2	O14879	0.18013962262788846
	Q92581	O15498	0.09124663431257482
	O00330	P51970	0.47989141932555074
	Q9UGI8	O75381	0.11660638793500974
	Q6F5E8	Q9H5N1	0.08984335057677087
	O76071	Q8WVK2	0.1328333091418337
	O15066	Q71RC2	0.1337079335189949
	Q6PIJ6	P61758	0.1346120848663327
	P45974	P51970	0.07066142331288053
	O00330	Q9ULK4	0.1007958428864794
	Q9H5N1	P27540	0.09533752240093736
	O95881	Q8NHQ8	0.08804953396123961
	P63104	P58546	0.10959077526243344
	Q9ULK4	P11586	0.07759286225170467
	Q8NHQ8	O14879	0.22854903107322636
	O15066	Q08AM6	0.08272626851478466
	P57105	Q9Y259	0.08653518288894474
	Q53T59	O15498	0.08063425315625664
	Q9C0J8	Q86SQ0	0.26883677659371447
	O14879	Q8TED0	0.1490607854458341
	O75381	P46977	0.08785610755164235
	Q13185	Q15434	0.14613150742331565
	Q4G0F5	P61026	0.13832445694833798
	O15066	Q4G0F5	0.13682376800981683
	P04075	Q16777	0.42563719124350896
	P13929	P11586	0.06724119814960668
	Q00577	Q08AM6	0.12147516667376554
	Q9BSJ2	Q9BQ67	0.14978916719755372
	Q9ULK4	P61758	0.07824989416200036
	Q53EP0	Q16777	0.16333340249835857
	P57105	Q86SQ0	0.14255519617166473
	P58546	Q9BRT3	0.1028771601187915
	Q71RC2	P58546	0.10172725372821932
	O14879	Q6PIJ6	0.17813629891983554
	Q9HA77	Q8TED0	0.11565206456310877
	Q9Y259	Q8TED0	0.11371038399241754
	O00330	Q9UNN8	0.08734053860860182
	P58546	P27540	0.1745201445544199
	P26641	Q6PIJ6	0.15710147468264574
	Q6F5E8	Q86SQ0	0.24099583239839312
	Q92538	Q16777	0.11096046627101736
	P45974	Q8NHQ8	0.13527637962757497
	P51970	Q16777	0.19351740470747275
	O43617	Q8N5A5	0.16062490214283615
	Q8NHQ8	P10644	0.10966692193151047
	Q9Y259	P08476	0.20185251820718922
	Q9Y259	Q9BYG5	0.10504102476941253
	Q16777	Q08AM6	0.09099525883445873
	O60942	O75381	0.1346502552042182
	P04632	Q9BW66	0.10296802304206816
	P13929	P27540	0.07940656963817792
	Q9P0T7	Q16777	0.09544691909221008
	O95881	Q86XK2	0.10453675296194255
	O60942	Q05639	0.16521947033560755
	Q08AM6	P61026	0.12515176128159233
	P63104	Q8WVK2	0.3454505396988054
	P30154	Q8WVK2	0.0936562660633816
	Q08AM6	P10644	0.0750202737150549
	Q86XK2	Q9HA77	0.13243807467567179
	Q96GX9	P61758	0.4584602455588899
	O76071	Q9H5N1	0.12521998917286223
	Q53EP0	Q9UNN8	0.17359538138037853
	Q15434	P51970	0.10228065228757202
	P57105	Q9H173	0.12596090164685486
	O76071	P26641	0.11906757471988545
	Q96FV9	Q8N5A5	0.18706021945982476
	Q9UIJ7	Q9UJX6	0.06333068364007462
	Q96FV9	P83436	0.13371447127385222
	Q71RC2	O95772	0.08917227076412473
	Q86SQ0	P61026	0.15555279657210644
	Q15750	P04632	0.08442659951105959
	O60942	O43617	0.14454142620474159
	Q6F5E8	Q4G0F5	0.10615929716960566
	Q9UJX6	P61026	0.09321863109226756
	P04075	P53597	0.10740949618897251
	Q13185	P08476	0.12767444786194931
	Q9H5N1	O95772	0.0871873602854883
	O76071	Q08AM6	0.07798646981627297
	A0A0B4J2D5	O75381	0.06852954577888162
	Q00577	P61758	0.14516704450021603
	Q05639	Q9UNN8	0.12547167037458448
	Q9UGI8	O15498	0.09640714558419633
	O15066	P46977	0.12480256377836181
	O95881	P63104	0.05950870077717777
	Q9UGI8	Q86XK2	0.14705369917398659
	Q08AM6	P53597	0.07640114631398527
	O95881	A0A0B4J2D5	0.04148793835003823
	Q9ULK4	Q9BQ67	0.07421349045048457
	Q96GX9	P57105	0.07564476496464069
	Q9BQ67	Q8TED0	0.13692218199448922
	Q05639	O95772	0.12246006946472089
	P57105	Q86XK2	0.1299749466670064
	Q53T59	P10644	0.08939961172521861
	O43617	Q9BW66	0.10101769267715666
	Q9BYG5	P62633	0.12726856125812927
	O60942	P61026	0.16445427147410147
	O76071	O15066	0.1680115081826649
	Q00577	P11586	0.08114198991006785
	P51970	Q9Y4G6	0.07283608721105056
	P57105	Q9UJX6	0.16262130158759427
	Q8NHQ8	Q71RC2	0.11169229061792901
	Q71RC2	Q9BYG5	0.10131977162418858
	Q9UIJ7	Q9BRT3	0.05733297585057226
	Q8N5A5	Q9P0T7	0.09601755935058746
	Q8NHQ8	O75381	0.11565439337955623
	Q96FV9	P13929	0.09079640784753974
	Q9UIJ7	Q7L7L0	0.204815396601772
	O00330	P13929	0.11037401745020976
	P04632	O15498	0.3789388347802613
	Q9BSJ2	Q9H5N1	0.11374780139383056
	P0DN86	Q08623	0.12284945938085641
	Q9UJX6	O75381	0.11289863350929442
	O43617	Q8TED0	0.0880994895228463
	Q9UGI8	Q08AM6	0.07802493453405021
	P53597	P08476	0.10219005793835394
	P0DN86	Q9Y259	0.10103656702261636
	Q7L7L0	Q8WVK2	0.5374087124732525
	Q4G0F5	Q16777	0.08986044634546098
	O00330	Q7L7L0	0.13912626643921017
	Q5T280	Q9BRT3	0.16482513266838306
	Q16777	Q8WVK2	0.4975620272724807
	Q86XK2	Q5T280	0.18879265133378137
	P83436	Q8N5A5	0.15950722023113748
	Q96GX9	P13929	0.1377626119571469
	Q00577	Q13185	0.13388124718241112
	A0A0B4J2D5	Q99729	0.10274219399849928
	O60942	O14879	0.31279942634092184
	Q15750	O95772	0.07903873415316835
	Q53EP0	P08476	0.21346436535945484
	O76071	P13929	0.08756730844411081
	Q92581	Q9UJX6	0.07810547235797416
	Q9UIJ7	Q08623	0.15808159621584186
	O60942	P31751	0.15730746603229
	O76071	P46977	0.11942814230851179
	Q00577	P83436	0.11919732640801667
	Q96GX9	Q13185	0.2458440522855278
	Q00577	O43617	0.12588876455780412
	Q9BSJ2	P31751	0.3247182810144056
	Q9Y6D5	Q9BRT3	0.10030064405031713
	Q9UIJ7	P10644	0.09274190972909345
	Q9ULK4	Q92581	0.1372387754472431
	Q9Y259	Q9H173	0.08610856679390291
	P26641	Q9BYG5	0.1768620410917401
	Q9P0T7	Q7L7L0	0.08413283478391374
	Q71RC2	Q9BRT3	0.08280542976678847
	Q53EP0	P30154	0.14918483066422542
	Q92581	Q15434	0.08807356678557088
	Q13423	Q08623	0.10011374259769883
	P31751	P08476	0.0940692224010081
	P53597	P61026	0.09396330633080369
	O00330	O76071	0.08048307875498525
	O95772	P61026	0.2427732025435305
	Q53EP0	O15498	0.11939545341744529
	O43617	Q9H5N1	0.08998242916298953
	Q86SQ0	Q8N5A5	0.23233812353035171
	Q8N5A5	P08476	0.12395402721090741
	Q9HA77	O15498	0.09833725269474182
	Q8NHQ8	Q86SQ0	0.22001191698495282
	O43617	Q71RC2	0.14839597491322043
	P57105	P58546	0.1551221875887354
	P11586	Q9UBS4	0.07465863216849392
	Q05639	Q8N5A5	0.17502388434317387
	Q8N5A5	P10644	0.12112684738058356
	O60942	Q8N5A5	0.2609208099692921
	O15498	P61758	0.13035680943519043
	Q9P0T7	Q9UJX6	0.0838735283998894
	Q53T59	Q16777	0.1353068334747665
	Q4G0F5	O95772	0.12205818894148779
	O95881	Q00577	0.09042602758176962
	P45974	P04075	0.1384644310187729
	Q53T59	P61758	0.0961185768311694
	Q9UGI8	Q9Y6D5	0.1323765889980739
	Q9C0J8	Q08623	0.09658601785477394
	Q13423	Q08AM6	0.09160667934534318
	O15066	Q5T280	0.14109310307722828
	Q9C0J8	Q9BSJ2	0.11484189509589868
	Q86XK2	Q8WVK2	0.18695381697313107
	Q9C0J8	Q9H5N1	0.11796651409879204
	Q92581	Q9BYG5	0.08994862769601081
	P51970	Q08623	0.21092647879442103
	Q13423	P04632	0.07674347308714456
	Q13423	Q9H5N1	0.09032098524141487
	Q15750	Q14C86	0.3247272453435031
	O43617	Q92538	0.10269426811830057
	Q16777	Q7L7L0	0.8892147949075173
	O00330	P62633	0.24595626758689287
	Q13185	Q8WVK2	0.5671260299201665
	Q9UGI8	Q9BQ67	0.12343124284167188
	P04632	P58546	0.08315971703124152
	P31751	P0DN86	0.07220901817236558
	Q9UGI8	O75386	0.12871323751895838
	Q96FV9	Q4G0F5	0.10862432104435049
	Q13423	P10644	0.3590022873465073
	Q9HA77	P61026	0.12650962828815368
	Q96GX9	Q8NHQ8	0.10745953844263237
	Q14C86	P27540	0.15017865871035718
	O43617	Q9UNN8	0.10592995403306704
	O60942	Q9UNN8	0.11856070072539476
	Q86SQ0	P63104	0.21840984644515773
	Q16777	Q9Y259	0.1304070288458458
	Q92538	P62633	0.1381527146560719
	A0A0B4J2D5	P10644	0.07403971690276706
	Q16777	P27540	0.07395545798903383
	P63104	Q9UNN8	0.1195199614254986
	Q9UGI8	P61026	0.1562386834271648
	O95772	P53597	0.06995088462027337
	P04075	Q71RC2	0.13123342437467422
	Q6F5E8	P30154	0.08404770711050424
	P63104	P46977	0.08582829124086426
	O15066	P04075	0.10605518418348417
	Q9Y4G6	P08476	0.08502547756779971
	P27540	O15498	0.052408940481099335
	Q8N5A5	Q4G0F5	0.1358124976893077
	Q13423	Q13185	0.1313240953203645
	O76071	Q05639	0.12041421520912275
	Q53T59	Q9H5N1	0.43374199361189686
	Q9UGI8	Q9UNN8	0.10176478087473054
	Q9Y6D5	P62633	0.09671169643433959
	Q92538	Q9HA77	0.08261304918087933
	Q53T59	Q9P0T7	0.1160774578515083
	Q92538	P08476	0.10047885949232738
	P53597	Q9UBS4	0.07829707403933836
	O95881	Q9BQ67	0.07326557638000261
	Q86SQ0	O95772	0.08539343908332195
	Q4G0F5	Q6PIJ6	0.10756124117888313
	P58546	O95772	0.09394918955076265
	Q9BSJ2	P08476	0.08614826339499881
	Q9UNN8	Q9BYG5	0.10833970309451299
	Q96FV9	P27540	0.17730901664091117
	Q8NHQ8	Q9BYG5	0.30393944463525746
	Q53T59	P62633	0.11468037367647958
	Q13423	P57105	0.10299775637409157
	Q9Y259	P61026	0.23653669647242662
	P04075	Q9BYG5	0.10059375389922764
	Q9UIJ7	Q9C0J8	0.10835352584277547
	O00330	Q16777	0.11930282761925277
	Q13423	Q9Y259	0.08137443758459922
	Q08623	Q6PIJ6	0.09356736309865143
	Q71RC2	Q8TED0	0.1711348122919012
	O95881	P53597	0.08694574857518737
	Q86XK2	P11586	0.13992807394898177
	Q13423	Q6PIJ6	0.12735188409197287
	Q9P0T7	P08476	0.09365949575394594
	Q9UJX6	Q9BQ67	0.17341448267445217
	P57105	P04632	0.0759761238569053
	Q9Y259	Q5T280	0.11211304412118325
	Q15750	O14879	0.19050443480914728
	Q9UNN8	Q9BW66	0.1007906552526085
	P04632	Q9Y259	0.32004552200531344
	Q99729	O75381	0.14004279352717072
	Q86SQ0	O14879	0.5779486417389104
	Q96GX9	P61026	0.5095971461554832
	Q14C86	Q9H173	0.08863869886512254
	P53597	Q08623	0.09664012935202325
	Q13423	P53597	0.21595089031707038
	P26641	P51970	0.10034221888451648
	P27540	Q9UBS4	0.090302289688339
	A0A0B4J2D5	P46977	0.07499906899796292
	Q9UGI8	P46977	0.2325165314665361
	O00330	Q05639	0.22590345505387605
	O95881	P61026	0.09875843691175616
	P45974	P04632	0.1245537290249252
	Q14C86	Q9BRT3	0.11404229640218243
	Q15434	Q08623	0.09711008326202893
	O76071	Q9P0T7	0.10741482476263044
	P27540	Q8TED0	0.1006767948634112
	P04075	P51970	0.31738412706605634
	P83436	Q05639	0.10852224106489383
	P04075	P58546	0.07508927556727922
	Q13423	P31751	0.07604109083949398
	Q7L7L0	Q9BRT3	0.10625882333999376
	Q99729	P53597	0.3578324304470832
	Q13185	Q05639	0.13113889503585327
	Q05639	Q8WVK2	0.256527648985685
	P0DN86	Q9UNN8	0.1037776419132333
	P45974	P53597	0.3094333344907138
	P0DN86	Q08AM6	0.10269150821087342
	Q96GX9	Q9H173	0.08298182814101217
	Q9BYG5	O75381	0.14056542332549923
	Q9UNN8	Q9BRT3	0.09183350404490627
	Q9H5N1	Q9BQ67	0.12102279454978425
	Q9UJX6	Q6PIJ6	0.14705308069108503
	Q96GX9	Q71RC2	0.2824797862970618
	O15066	Q9UGI8	0.18772897761082052
	Q9HA77	P51970	0.10377818223685044
	P83436	A0A0B4J2D5	0.07786869494172687
	O00330	P46977	0.0920743136600405
	O60942	Q5T280	0.15938189693107202
	P04075	P30154	0.07621303221722758
	P58546	Q7L7L0	0.08600537660249691
	Q71RC2	Q6PIJ6	0.1512657189346247
	Q9C0J8	P63104	0.08493665006511604
	Q53T59	Q9BW66	0.15950549411693224
	Q13423	Q9UGI8	0.10646416929354816
	Q9HA77	Q5T280	0.1257463284508199
	Q13423	P45974	0.10419719870628984
	P51970	Q8TED0	0.2163007446331638
	Q53EP0	P62633	0.15968232057401419
	Q9UNN8	Q9UBS4	0.08208828436434157
	P58546	Q92581	0.09959270859685135
	O95772	Q9UNN8	0.09249744465304445
	Q9UBS4	P08476	0.20721873711508035
	Q9H5N1	P61758	0.09699070143074777
	Q71RC2	Q4G0F5	0.1093415901945019
	Q9UBS4	P62633	0.11777788712747074
	Q7L7L0	Q8TED0	0.7306719258874639
	Q13185	O15498	0.1003715800017699
	Q00577	Q96FV9	0.1506222228134209
	Q9Y6D5	P11586	0.17654670054553848
	P58546	O15498	0.08595984909508146
	Q9Y4G6	Q8TED0	0.10819472600352165
	A0A0B4J2D5	Q7L7L0	0.13694804686998097
	Q9Y6D5	Q9UNN8	0.08475737899247897
	O00330	Q15434	0.11085229403548581
	O00330	P04075	0.1298429773112198
	P58546	P08476	0.08721832736352553
	P83436	Q8WVK2	0.10125560338828336
	Q53T59	Q08AM6	0.10559970537110666
	Q9UJX6	Q16777	0.08250370592926602
	Q9UJX6	P61758	0.09938439808484215
	Q9ULK4	Q9H5N1	0.0929548822835136
	Q9UIJ7	P30154	0.054729929721944716
	Q9UIJ7	Q9BQ67	0.07060747597069705
	Q9BSJ2	Q9P0T7	0.07582359595544409
	Q9Y259	O15498	0.11567755198986539
	Q99729	P61026	0.20337598672276233
	Q92581	P26641	0.08661519660727013
	Q6F5E8	P61758	0.17667286129959853
	Q15750	Q9Y6D5	0.11158986725555359
	O95881	Q14C86	0.07759816707805742
	Q96GX9	P08476	0.3065227438099811
	O75386	P11586	0.09249745856693586
	P83436	P51970	0.087281372041817
	Q13423	P51970	0.1644985976203072
	Q9HA77	Q9P0T7	0.08175731088744413
	P51970	P61026	0.3772835397923143
	O43617	P13929	0.09700921700952901
	Q9C0J8	Q13185	0.21271792222226277
	O00330	O75381	0.08086732168625317
	Q13423	Q4G0F5	0.09846536532503151
	Q9UIJ7	O60942	0.09517571805987442
	Q92538	P27540	0.15873486207605797
	Q13423	P61026	0.11105860814839882
	P57105	Q9H5N1	0.07843202213714369
	P04075	Q9BSJ2	0.1033409999238312
	O15066	Q9BQ67	0.12750947259194081
	P11586	Q08AM6	0.07373128718717255
	A0A0B4J2D5	Q14C86	0.08716760533849534
	Q9C0J8	Q8NHQ8	0.11996300780336638
	Q96GX9	P83436	0.0905691966045175
	Q13423	P11586	0.2969706494610602
	O95881	P04075	0.08794492101613527
	Q05639	Q99729	0.238843835370229
	Q9Y6D5	Q5T280	0.09148143915930868
	Q96GX9	P11586	0.11492190754992286
	Q08AM6	Q9Y259	0.10690513691491109
	P31751	P61758	0.125137485738355
	Q13423	Q6F5E8	0.10458625790036875
	P04075	Q53T59	0.10378795690246528
	Q05639	P13929	0.2907830694409408
	O76071	P0DN86	0.07762608822171903
	Q9Y259	Q6PIJ6	0.09897482508227018
	P0DN86	P83436	0.08164238694957236
	P58546	Q4G0F5	0.09720991397527519
	Q9UIJ7	O75386	0.07311532359178682
	Q9UJX6	Q9BW66	0.07963425749585767
	Q13185	Q9UBS4	0.14942462888433444
	Q96FV9	Q8TED0	0.21580330418514357
	Q96GX9	P53597	0.12532909919960292
	Q13423	O95772	0.07194495604191056
	Q5T280	Q8TED0	0.20032358119264942
	O76071	O95772	0.07821637642965372
	Q14C86	Q16777	0.10170495140841511
	O60942	Q92581	0.14844451134167613
	P30154	P61758	0.099721837770921
	Q8WVK2	Q9UBS4	0.28536958744554364
	Q96FV9	Q9HA77	0.08719458203756889
	Q9P0T7	P61758	0.0949700525684214
	Q4G0F5	Q5T280	0.2697801707553748
	P31751	Q7L7L0	0.14353906534745703
	P57105	Q92581	0.07975402910486955
	O00330	Q08623	0.26267184110395897
	Q15750	Q92581	0.09872621036237818
	Q15434	P61758	0.14306986878958242
	P10644	Q9H173	0.1595451435712537
	O95881	O75386	0.08984601795186827
	P45974	Q9HA77	0.08098974336942134
	Q9Y6D5	Q6PIJ6	0.25934472135329484
	Q9UIJ7	Q99729	0.15629409884299555
	P83436	Q9H5N1	0.3607369867701397
	P58546	Q99729	0.2349667039599754
	Q13423	Q15434	0.10885868847976887
	Q9Y6D5	Q9H173	0.12061291561024093
	Q15434	Q9BRT3	0.11279743587931534
	Q53EP0	Q92538	0.15851708379090235
	P51970	Q7L7L0	0.22538808639976593
	Q13423	Q5T280	0.09163238300849388
	Q9BW66	Q9BYG5	0.08695058310503669
	Q9UGI8	P57105	0.15283257447596532
	Q53T59	O75381	0.1148987016310538
	Q9UGI8	P61758	0.1756530798411124
	Q9BSJ2	Q08623	0.08064848285342406
	Q6F5E8	O43617	0.08675676180278777
	Q9BSJ2	A0A0B4J2D5	0.08364289996420055
	Q9BW66	Q08623	0.1080042953812402
	Q00577	Q9BSJ2	0.08475532844739152
	P58546	Q9UNN8	0.0948618691283976
	O14879	P61026	0.11014618624818225
	P57105	P04075	0.07434811338162413
	O76071	P27540	0.20211195504641305
	Q15750	P0DN86	0.0793028372274218
	Q9UIJ7	Q86XK2	0.09139083161385447
	Q4G0F5	P10644	0.09557339829449633
	Q96FV9	Q08623	0.10144923523766729
	P63104	Q15434	0.1002230817286467
	P57105	Q16777	0.058315817026939644
	Q53EP0	Q4G0F5	0.10523855313272375
	P30154	Q9Y4G6	0.1285528595559165
	O95881	Q15750	0.08667019659758217
	Q92581	Q14C86	0.2209019433168897
	Q13185	Q4G0F5	0.1493143932606588
	Q9UBS4	P61026	0.2212813439801584
	Q15750	P31751	0.16607422063862273
	Q86SQ0	Q9Y4G6	0.23974423621601995
	Q9UJX6	Q08623	0.07801131381015733
	P30154	Q8TED0	0.1159407146347399
	O75381	Q9Y4G6	0.09895997215268673
	Q16777	O15498	0.11475926539260452
	O00330	P63104	0.12506656494452664
	P63104	O75381	0.09570379705189651
	Q9UIJ7	Q8NHQ8	0.09582539105681137
	Q71RC2	O75381	0.1402533235059344
	O95881	P13929	0.1025946871488291
	Q9HA77	Q9BW66	0.13559956109604884
	Q9HA77	Q08AM6	0.14289356865606134
	Q13423	P63104	0.11050826176521233
	O60942	P10644	0.165571395772258
	Q6F5E8	Q9HA77	0.11087064434780379
	O00330	O60942	0.1698196528158614
	P46977	Q9Y4G6	0.09553673703927816
	Q96FV9	Q9H5N1	0.13113453260401162
	Q9P0T7	Q5T280	0.09128128858586167
	Q9UJX6	Q9Y259	0.10992808380969063
	Q9UGI8	P08476	0.12988009890021712
	P51970	P30154	0.06514326480848094
	O76071	Q9C0J8	0.1578101112879368
	Q5T280	P46977	0.09394575857233287
	O60942	Q4G0F5	0.11153540143960045
	Q9UIJ7	Q9BW66	0.10220191832167491
	Q9ULK4	Q8TED0	0.09106252199829269
	O76071	P83436	0.12175247039645934
	Q9BQ67	P61758	0.13581182608935652
	P51970	O75381	0.09265893614237505
	Q8NHQ8	Q9UBS4	0.10494914044274187
	O43617	Q86SQ0	0.10720645547381781
	Q53EP0	Q9C0J8	0.15377374108811073
	P11586	Q9UNN8	0.08683710047110868
	Q86SQ0	Q05639	0.15675678252116648
	Q9UGI8	P30154	0.08632242298682308
	Q9UGI8	Q8N5A5	0.13112974636004093
	O43617	Q9P0T7	0.11169774992361589
	P11586	P10644	0.20080175840599643
	P46977	Q9UBS4	0.10927741381099693
	Q9BQ67	Q9UNN8	0.08160027591749666
	Q9P0T7	P10644	0.07744439338042636
	P83436	Q9UBS4	0.08718742593031095
	Q96FV9	A0A0B4J2D5	0.08783953298867402
	O00330	A0A0B4J2D5	0.10131177253876597
	Q92581	P61758	0.2723968828086277
	Q15750	Q7L7L0	0.1265142529785724
	Q92581	Q9P0T7	0.08825758648383343
	O76071	Q8TED0	0.10584384951804575
	O95881	P10644	0.11423257943759786
	Q9HA77	P62633	0.1150423459924249
	Q6F5E8	Q92581	0.09626375094313779
	Q9UIJ7	Q14C86	0.0748564200107694
	Q53EP0	Q5T280	0.1435140380078417
	O15066	P61758	0.1302835495271497
	P45974	P13929	0.07972497712824649
	Q9UNN8	P46977	0.1137219936993558
	Q8NHQ8	Q9HA77	0.09007804079688334
	P11586	Q9Y4G6	0.10094618030553085
	Q16777	P11586	0.07913567809850452
	Q9UGI8	Q9H173	0.1498775828408142
	Q96GX9	P58546	0.08269492097340544
	Q9Y4G6	Q9UBS4	0.07351312230434295
	Q9Y6D5	Q08AM6	0.07329203942979377
	Q9UGI8	Q08623	0.08389802243064347
	Q16777	P08476	0.17930179538804034
	O76071	P30154	0.1426863787491066
	Q9UGI8	Q92581	0.07588119613231606
	Q92581	Q9UNN8	0.08620754181694892
	O60942	Q8TED0	0.2606624756948297
	Q96GX9	Q15434	0.107731107545014
	Q9C0J8	Q71RC2	0.1319967253757893
	O95881	O60942	0.08006342487628709
	Q00577	O75386	0.15354203272989292
	O75386	Q08AM6	0.08656862366889877
	Q8NHQ8	P83436	0.17507746590294465
	A0A0B4J2D5	P11586	0.07270458308047141
	O95881	Q9UBS4	0.1271029460101735
	Q9H5N1	Q08623	0.083034385380884
	Q7L7L0	Q99729	0.154026147795291
	P08476	Q8TED0	0.21673926287604917
	Q9BW66	Q9Y259	0.11691953314843373
	Q13423	P62633	0.23010758796433806
	Q86XK2	Q9P0T7	0.08443039255190832
	P0DN86	Q8TED0	0.10896174584181027
	Q53EP0	O75386	0.12307145779430036
	Q7L7L0	P10644	0.11712408138406019
	Q9H5N1	O75386	0.11203058081396484
	Q9Y6D5	Q9UJX6	0.17111022965466582
	O75381	P62633	0.10529258645830508
	Q92581	O95772	0.11922994007627549
	P51970	P62633	0.21519885649967893
	Q9C0J8	Q9UGI8	0.15289235577483362
	Q96FV9	Q05639	0.1307982625870227
	Q9BW66	P30154	0.07452384910770223
	Q8NHQ8	Q9ULK4	0.08125162046808097
	O76071	Q8N5A5	0.1969084529961806
	Q00577	P45974	0.08766887468014736
	P31751	Q9P0T7	0.055008826676545
	Q86XK2	Q8N5A5	0.18800212124564533
	P58546	P11586	0.3123846394762225
	P04632	P26641	0.11380421656967044
	Q00577	Q9C0J8	0.14011668056909996
	Q08AM6	Q8WVK2	0.11128591919465441
	P63104	P83436	0.07910391410772731
	O95772	Q9H173	0.07823107286232352
	Q9BQ67	Q9BYG5	0.15238456553515528
	Q9H5N1	Q9BYG5	0.09336804823433002
	O60942	Q9C0J8	0.1577682727641506
	Q99729	P61758	0.7419729771106459
	P0DN86	Q14C86	0.07534541745895294
	P53597	P62633	0.27963684049190746
	Q96GX9	Q53EP0	0.10359562012126336
	Q86SQ0	P46977	0.14011400754188924
	Q92581	P08476	0.11050397231655931
	Q9BW66	Q7L7L0	0.09208189690062918
	Q8NHQ8	P08476	0.14114630990154656
	O95881	P57105	0.08540745969405736
	Q9Y6D5	Q15434	0.11609308000162256
	Q92581	P27540	0.08573256654709306
	P04632	Q5T280	0.1101973263342944
	P26641	Q8TED0	0.14922241594187735
	Q96GX9	Q9Y4G6	0.07708359869687491
	Q92538	Q8N5A5	0.14241089249118902
	P04075	Q9Y6D5	0.08118230274893604
	Q9ULK4	O14879	0.08500815580230478
	P31751	Q6PIJ6	0.28576489028163865
	P61026	P61758	0.21502052318128498
	P46977	P62633	0.13202803864162085
	Q8N5A5	P61026	0.12007018177999892
	O00330	Q9UGI8	0.09117462410768247
	Q13185	Q92581	0.15880600753933044
	Q05639	Q5T280	0.1524012608035211
	O43617	P27540	0.09361909936513868
	Q9P0T7	Q08623	0.08708289029306525
	Q13185	Q9BW66	0.12858501479018442
	O95881	Q9UNN8	0.08165778804226428
	Q08AM6	P62633	0.09729826791287184
	P83436	Q92581	0.11026176971676406
	Q92581	P51970	0.10915317995570349
	Q6F5E8	P61026	0.12149570057850664
	P04632	O75381	0.07766908577034157
	P04075	Q8NHQ8	0.10584109200162282
	Q53EP0	A0A0B4J2D5	0.10229305171159461
	Q9BW66	Q9BRT3	0.10792177661347184
	O60942	Q15750	0.19569376280713158
	Q5T280	P61758	0.12262275142560156
	O60942	Q7L7L0	0.26175787360926983
	Q9BW66	Q99729	0.11910229459626065
	Q00577	Q92581	0.13418995514383655
	O15066	Q6PIJ6	0.1689782088855608
	P57105	P45974	0.15592580156224728
	Q14C86	O15498	0.0752528682363179
	Q53EP0	P31751	0.18292158960097984
	Q9UNN8	Q5T280	0.11977447399625832
	Q9H5N1	Q16777	0.1071977404361149
	Q92538	P13929	0.07822353129566466
	P0DN86	P30154	0.06301188874469174
	Q53EP0	Q9BRT3	0.11628930564794457
	P57105	P61026	0.14081696707159674
	Q86XK2	P26641	0.12387161620161011
	Q92538	P61026	0.10917632662743673
	O14879	P30154	0.12672934194422436
	Q9BQ67	Q9UBS4	0.08842218065897378
	Q05639	P46977	0.10809650575129354
	O15066	Q9BRT3	0.11690197051173976
	Q9C0J8	O75381	0.15942967201517605
	Q9BYG5	Q8WVK2	0.1108933033535177
	O00330	O43617	0.13531882704269396
	Q9UNN8	Q9H173	0.08566171381304467
	O75386	P46977	0.08187099572196008
	Q71RC2	P0DN86	0.09757245863900187
	Q92581	O75381	0.11451278504564044
	Q71RC2	Q5T280	0.11492447459069674
	Q92538	Q6PIJ6	0.15427755320114653
	P51970	O14879	0.09800327334850166
	Q9P0T7	Q08AM6	0.0755913642347674
	P13929	Q99729	0.1495746498469206
	Q15750	Q6PIJ6	0.15588585171451405
	Q9ULK4	P58546	0.07736430229473187
	O76071	P10644	0.11322309749846807
	Q9UGI8	P04632	0.07512736980424942
	O95881	P61758	0.11960608367405247
	Q53EP0	Q8WVK2	0.12601431880636363
	Q9HA77	Q8WVK2	0.16597800707927346
	Q05639	Q08AM6	0.10802508647862774
	P0DN86	P58546	0.08625759938544064
	O95881	Q8TED0	0.07741281483920728
	P58546	P13929	0.0744098142298741
	O00330	Q8N5A5	0.1105018409836025
	P04632	Q9UJX6	0.08029109510752588
	O00330	P53597	0.34087483983330136
	Q9UNN8	P10644	0.085250272637496
	Q96GX9	Q9ULK4	0.10450838879749917
	Q7L7L0	O15498	0.13536629732249872
	Q9H5N1	Q15434	0.12885803058372608
	P57105	Q9BRT3	0.0911122081546823
	Q16777	P10644	0.08776002104705502
	Q8NHQ8	Q08623	0.0916932239323476
	Q6F5E8	Q13185	0.12818023327942657
	Q9H173	Q08623	0.10311141324507729
	O15066	P58546	0.13310893101418828
	Q99729	Q5T280	0.19566469032993936
	Q9BSJ2	Q8NHQ8	0.15342480697009642
	P51970	Q9BQ67	0.07183882380104069
	P57105	P11586	0.14496491621866406
	Q05639	Q9Y6D5	0.10911326162107751
	P45974	Q4G0F5	0.10532067874180183
	A0A0B4J2D5	P26641	0.08271620547754473
	Q13185	P04632	0.09480857000389013
	Q15434	Q6PIJ6	0.18137765719713814
	O60942	P04075	0.12244218958477567
	Q15750	Q9H5N1	0.15700269668255926
	Q9UJX6	O14879	0.14012741197082296
	Q9BYG5	Q8TED0	0.13376787652962713
	Q9P0T7	O15498	0.07839274620414328
	Q9UGI8	Q9Y259	0.09273424361352876
	P26641	P11586	0.1635180236074282
	Q13185	Q86SQ0	0.18025218943492585
	P57105	P83436	0.07827722156379799
	Q13185	Q8N5A5	0.16698628477363553
	P0DN86	Q99729	0.1778482254882416
	Q96GX9	O95772	0.14868708758624516
	Q00577	P57105	0.1350041575810766
	Q9P0T7	Q9H173	0.09640257523362943
	O15498	P62633	0.11367662729462134
	P45974	Q9Y4G6	0.11645484979086787
	P11586	P62633	0.1598583281770938
	P46977	P61758	0.17267129352751548
	O15066	O75386	0.12582853920375783
	A0A0B4J2D5	Q9UNN8	0.126285290606293
	Q8N5A5	O95772	0.08860558853777556
	P57105	Q9ULK4	0.06949230080838574
	O15498	P61026	0.24326620900996027
	Q00577	Q9H173	0.08803376422943744
	Q86XK2	Q9Y4G6	0.13000223992128962
	P04632	Q99729	0.16953924447430782
	P63104	Q9BYG5	0.10486936438511163
	P04075	Q9ULK4	0.09572893745708594
	O95881	P83436	0.08395487047526398
	Q6F5E8	Q8TED0	0.12280393388698616
	Q9UIJ7	O95772	0.10728728231709261
	Q9BSJ2	P61758	0.11681008633276702
	Q9UGI8	P83436	0.08237847241928743
	O43617	Q53T59	0.09047900123805792
	Q86XK2	Q08623	0.0804742216229557
	Q15750	Q16777	0.09183885584194501
	P31751	Q9BW66	0.053836565646182964
	O60942	Q8NHQ8	0.2570221698688051
	Q92538	Q9H5N1	0.12040632942753532
	O14879	O75381	0.17083343376552643
	Q9C0J8	Q8N5A5	0.12762926896344723
	Q4G0F5	Q9Y4G6	0.08218009302298779
	P45974	Q7L7L0	0.08903645136033042
	P63104	P27540	0.10653912762599055
	Q53EP0	Q9H5N1	0.11556914567814203
	A0A0B4J2D5	Q9Y259	0.1267068993916047
	Q9UIJ7	Q6PIJ6	0.07953675705294136
	O14879	P10644	0.12294902106103937
	Q96GX9	Q92581	0.09336115823175588
	Q8N5A5	Q9UBS4	0.11323818994259068
	Q9C0J8	P31751	0.10167887963347805
	Q6F5E8	Q9BQ67	0.10978585877037747
	O95881	P04632	0.08134099308026199
	Q14C86	Q6PIJ6	0.19969109012218647
	O75386	P10644	0.10931748379982333
	P26641	Q9UBS4	0.10155954870852754
	P83436	Q8TED0	0.14782452207706695
	O00330	P27540	0.07591471345084687
	P04632	Q8WVK2	0.1439297357383841
	Q9BSJ2	P58546	0.1375310987300083
	Q00577	P63104	0.14475488646101406
	O43617	Q92581	0.09516162078801159
	P31751	P11586	0.275243791477576
	O43617	P63104	0.13860747558506661
	Q86XK2	Q8TED0	0.13180842290982822
	Q53EP0	Q08AM6	0.08717707220397147
	Q9Y4G6	P62633	0.12211383455488337
	Q6F5E8	P11586	0.12602701264420785
	Q9UJX6	P53597	0.09010090289387807
	P53597	Q9Y4G6	0.10688940610282428
	Q14C86	P08476	0.09551706015267684
	Q96FV9	P53597	0.09641179599618957
	Q96FV9	O75381	0.13067437237913046
	Q15750	P26641	0.11527776371496268
	O14879	O15498	0.08713591743483286
	P04075	P08476	0.2979073055260139
	Q53EP0	P53597	0.14246714548296005
	Q9P0T7	Q6PIJ6	0.07460666639631068
	O15066	Q15750	0.13880231036336715
	O75386	Q8WVK2	0.15011126297856092
	Q96FV9	Q9Y259	0.09771509305493362
	P83436	Q15434	0.13936730412193052
	O76071	Q14C86	0.2911876364462217
	Q9UGI8	P0DN86	0.09158604626508123
	P10644	P61758	0.4570514594597857
	Q9UIJ7	Q9UNN8	0.09106746073080539
	O75386	Q9BQ67	0.09780503197157558
	Q86SQ0	P13929	0.09798520242137151
	Q05639	Q8TED0	0.13236695045509406
	Q6F5E8	Q9H173	0.14652735707416492
	Q86SQ0	Q9BW66	0.09954985655984898
	Q9UGI8	Q7L7L0	0.10949536409790041
	Q9BQ67	Q99729	0.22176380116167185
	Q00577	Q9UGI8	0.10310040619966963
	Q92581	Q9H173	0.08711682224360603
	P31751	Q08AM6	0.09759543493116889
	P63104	P08476	0.11295381690556829
	P57105	Q05639	0.11190098337675976
	O00330	Q9H5N1	0.08001189687970998
	O76071	Q71RC2	0.1339904324309507
	Q15750	Q8WVK2	0.1066337639877037
	Q9BSJ2	Q8N5A5	0.15742538825525249
	Q86XK2	Q4G0F5	0.1688572513681416
	Q92538	O75386	0.12559818646527288
	P13929	P10644	0.08128188759455746
	Q00577	P04075	0.30020668959864377
	P58546	P62633	0.11797507307466197
	Q9H5N1	P11586	0.07305346609134511
	Q00577	P27540	0.11604692144644518
	P83436	Q9BQ67	0.09420677510690534
	P04075	Q9BQ67	0.08970746953540931
	P58546	Q08AM6	0.07625949744752712
	P11586	P08476	0.08750272500947444
	Q00577	Q9P0T7	0.08658985040478025
	Q14C86	Q8TED0	0.12761663953453736
	O00330	Q15750	0.08223386824488507
	O00330	P61758	0.47652159932718924
	Q53T59	P53597	0.08201381864289332
	O95881	Q86SQ0	0.08861129500386675
	O15066	P10644	0.130284114908045
	P31751	Q16777	0.09008396740895011
	P51970	Q08AM6	0.119124184010267
	Q14C86	P46977	0.09564599394256174
	O75381	P61758	0.10855088353589461
	P04632	P10644	0.09181450617169497
	O43617	O14879	0.11178858011751848
	Q9H5N1	Q14C86	0.1675335737084587
	O76071	Q9BW66	0.10626410345091436
	O95881	Q9H173	0.15258042599524796
	Q9HA77	O75386	0.13173418479696986
	P04075	P10644	0.08892766848229994
	Q13423	Q9P0T7	0.09686714897844612
	Q9H5N1	Q9Y259	0.14793290030227638
	Q86XK2	Q92581	0.13972982405947848
	P04632	Q16777	0.15094332592527557
	Q9C0J8	Q9BW66	0.10334906099766594
	P57105	Q6PIJ6	0.1922911350036598
	Q9UIJ7	P08476	0.24424306980862592
	Q9P0T7	Q9UNN8	0.08823681973618983
	O75386	P53597	0.10407257209431992
	Q8WVK2	P62633	0.5327599126442316
	Q9UGI8	Q05639	0.12939022081903073
	Q92581	P30154	0.08089885099329544
	Q6F5E8	P31751	0.14116719183782483
	O15066	Q9UNN8	0.09687512625981114
	P13929	Q5T280	0.12956334064200692
	Q8N5A5	Q9BYG5	0.17673220004389034
	P61758	P62633	0.5913212346515015
	Q9BQ67	Q9Y259	0.0818760309030509
	P58546	Q9UBS4	0.08672042067996857
	O15066	Q00577	0.2756083249880592
	O15498	P08476	0.1516374230691379
	Q53T59	P26641	0.10729845923222148
	Q13185	Q9BSJ2	0.10820802863702454
	Q13423	Q9UBS4	0.09094061903515951
	Q71RC2	P53597	0.08401175660629341
	Q9UGI8	P51970	0.09452290053002581
	P30154	P53597	0.08326302141064253
	O95881	Q4G0F5	0.18885880073532327
	P31751	P30154	0.10513703901766921
	P58546	Q9Y259	0.08250400964835998
	P57105	O95772	0.07302953352060546
	Q13185	Q8TED0	0.2696324157258023
	O76071	Q53T59	0.1364587935150528
	Q13423	Q96FV9	0.09489812384269901
	Q13185	Q9BRT3	0.12072556251638286
	Q53EP0	P04632	0.10251067230815562
	P58546	P10644	0.29679396745909314
	O14879	P62633	0.15546520875570785
	Q9UIJ7	O15498	0.2235086249048858
	Q9P0T7	Q9Y4G6	0.07330119922214674
	Q00577	Q9Y6D5	0.08069703802046858
	P45974	Q99729	0.19651667370182743
	P63104	Q86XK2	0.09503040730829983
	Q16777	Q9UBS4	0.11584856284633528
	Q8NHQ8	P51970	0.10334722406258856
	Q53T59	P13929	0.1263232934507008
	O60942	P04632	0.08851679806269686
	Q9P0T7	Q99729	0.09974453652084397
	P04632	P63104	0.26288673278546937
	Q8NHQ8	P0DN86	0.08045699966067114
	P63104	Q8N5A5	0.09059001970123631
	O95772	O15498	0.15445360305768216
	Q53T59	P08476	0.11099045430793128
	P04075	P83436	0.09627696562293594
	Q13423	Q00577	0.094400151067311
	Q9P0T7	Q9UBS4	0.09332470480538987
	Q9BSJ2	P27540	0.5106300989142601
	Q71RC2	P62633	0.18735990710259828
	P13929	P30154	0.06709475546783368
	P11586	Q9Y259	0.07842677256899148
	P45974	P83436	0.0944085350353219
	Q9BSJ2	O75386	0.10536610126891172
	P45974	P27540	0.18812174242496668
	Q92538	Q9P0T7	0.07536888532133144
	O15498	Q6PIJ6	0.08032020235192426
	Q92538	Q8WVK2	0.09609315079540527
	Q4G0F5	P46977	0.10119654794131536
	Q05639	Q9BQ67	0.11242851058724238
	Q16777	P30154	0.07357494801231178
	Q96FV9	Q6PIJ6	0.1504967664836638
	Q9P0T7	P26641	0.10139376621042748
	Q9UIJ7	P04632	0.12449317358900992
	Q16777	O14879	0.11697549719831545
	Q9ULK4	O95772	0.10133900907351598
	O95772	Q9BQ67	0.07469263378897915
	P57105	P0DN86	0.07964521381806396
	P13929	Q8TED0	0.24448333749060222
	Q6F5E8	Q05639	0.15997510160162406
	Q9BSJ2	O95772	0.07267962634346532
	O60942	Q92538	0.12137094353162094
	O95881	P27540	0.08274121951814269
	A0A0B4J2D5	P08476	0.10843115773724446
	P04632	Q9P0T7	0.09867186087614509
	Q9ULK4	Q9BYG5	0.07795372345829334
	Q99729	Q9BRT3	0.10032283187309557
	Q9H5N1	Q9H173	0.09136436389350752
	Q9BSJ2	Q05639	0.105532257224694
	Q86SQ0	P31751	0.3838239113895091
	O15066	O14879	0.19648487622827215
	Q9BSJ2	P10644	0.12865521563685206
	P26641	Q9H173	0.14349517704194972
	Q13185	P31751	0.09698110828193235
	Q5T280	O75381	0.12169350207195763
	Q96GX9	P04632	0.18271758932095564
	Q9BSJ2	Q5T280	0.09705792730180154
	O75381	Q9BRT3	0.10455684354248775
	P31751	P04632	0.06848132856954059
	Q86XK2	P27540	0.16486004459644113
	Q53EP0	P11586	0.1540865660495175
	Q92581	Q8N5A5	0.09854997764245446
	Q9ULK4	Q9BW66	0.17405631969790405
	O14879	Q08623	0.10965839711670851
	Q9UJX6	P51970	0.05677465621518777
	Q00577	Q15750	0.10298726214141028
	Q9BW66	Q6PIJ6	0.08432798973501987
	Q9H5N1	Q9UBS4	0.0980117820465934
	P04075	P61758	0.11338523810022495
	Q13185	P51970	0.11128988354101454
	Q96GX9	P0DN86	0.1050835981193159
	O15066	P51970	0.09485091874649074
	Q8WVK2	Q6PIJ6	0.12732614710779544
	P30154	P61026	0.0931465331835848
	P83436	Q99729	0.09618093623319757
	Q86SQ0	P83436	0.12943619177021634
	Q16777	P61026	0.3443124820890396
	A0A0B4J2D5	Q9Y6D5	0.0751792382451569
	O15066	Q8NHQ8	0.18445815265613275
	O14879	Q9H173	0.11816984968828968
	Q9H173	P62633	0.09782856801572312
	O60942	Q9Y6D5	0.17220101670943078
	Q00577	P31751	0.0925071742506291
	O60942	P27540	0.2657037643373233
	P83436	P46977	0.08819777710876536
	Q16777	Q08623	0.09846487773177529
	Q96GX9	O75386	0.0939474365864959
	Q15434	Q9H173	0.10564478591869227
	P13929	Q9Y4G6	0.07180915872344037
	Q14C86	Q9BW66	0.08946030892955041
	P45974	Q9Y259	0.08885420549958559
	O43617	Q6PIJ6	0.09494718497036589
	Q08623	P62633	0.14354696921616306
	Q96GX9	Q08623	0.17956140094498277
	P45974	Q14C86	0.12314138560023195
	P0DN86	O95772	0.10030236086846364
	Q9BQ67	P30154	0.18449570242742988
	Q53EP0	P04075	0.10476452739515267
	Q53EP0	Q9BW66	0.09368827425604899
	P04075	P04632	0.5411109803937395
	Q05639	P53597	0.12875429381550554
	Q86SQ0	P10644	0.12754536972212172
	P51970	Q9BW66	0.16778479734149063
	Q9H5N1	P53597	0.07806658107421728
	Q9Y259	Q99729	0.1489956643595714
	P57105	Q9BW66	0.07893903867675187
	Q8NHQ8	Q8N5A5	0.18763374317061457
	O00330	O75386	0.08292971073091417
	Q8NHQ8	A0A0B4J2D5	0.09178424173096879
	P46977	Q8WVK2	0.11205516222626549
	Q96FV9	P61758	0.3022738942823208
	Q9C0J8	O15498	0.08536439780352387
	Q53EP0	O60942	0.37066819365049386
	Q86XK2	Q9UBS4	0.115290808430903
	Q96FV9	P46977	0.10261906200361494
	P58546	Q9Y4G6	0.10241222695025344
	Q53EP0	Q53T59	0.13196187973721726
	Q71RC2	Q05639	0.21799691674063656
	Q13423	Q8N5A5	0.1287479742999335
	Q9BW66	P27540	0.08776956638721989
	Q08AM6	P27540	0.07643426907797793
	O00330	P08476	0.19091792791271509
	P51970	Q9UBS4	0.14884845611564718
	Q08AM6	Q9Y4G6	0.07446925682351259
	Q9HA77	P11586	0.07417508375969292
	Q53EP0	Q13423	0.13083703522057064
	Q86SQ0	Q7L7L0	0.25774287968960635
	Q9HA77	Q14C86	0.07953736373534384
	Q9BSJ2	Q9BYG5	0.23154243361538726
	O43617	Q9UBS4	0.09722895126628943
	Q6F5E8	P46977	0.11077505224354275
	Q92538	P53597	0.12043038813183445
	Q9UJX6	Q99729	0.1110971822923494
	P0DN86	Q9BQ67	0.07577090236687682
	Q53EP0	Q15434	0.3463952939428081
	Q9H5N1	Q7L7L0	0.15067690260644226
	Q96GX9	Q9BRT3	0.07792904109838146
	Q8NHQ8	Q8TED0	0.16140910091744454
	O76071	Q9UNN8	0.09068489086736753
	Q08AM6	Q6PIJ6	0.09266754615662214
	P13929	Q8N5A5	0.12428476949364481
	Q15434	Q9BQ67	0.152800205834408
	Q96FV9	Q16777	0.15902617695083573
	Q9UIJ7	Q9P0T7	0.08646471211961855
	O15066	P08476	0.1230468548976867
	Q9BYG5	Q99729	0.17372772511470633
	O43617	Q9BQ67	0.09275907059817028
	P83436	Q6PIJ6	0.09694539253559213
	Q8NHQ8	O95772	0.080533578189785
	P53597	P61758	0.375858751911142
	O76071	Q00577	0.12096856454944678
	Q14C86	P61758	0.17720971168713157
	P04075	Q9P0T7	0.11475874953734327
	Q00577	O14879	0.12999320998709324
	P04632	Q9UBS4	0.10043936717927754
	Q8N5A5	P51970	0.11013996632182912
	P11586	Q9BW66	0.061927382837478964
	P58546	Q9HA77	0.07896259510805366
	Q13423	Q05639	0.10927222676954687
	Q13185	Q53T59	0.15019802044889954
	Q9BQ67	P62633	0.0967826815542662
	O15066	Q86SQ0	0.27953786906116374
	Q71RC2	A0A0B4J2D5	0.10600765683376896
	Q71RC2	O15498	0.0939955990265652
	Q9UIJ7	P45974	0.07363121244542221
	Q08AM6	Q9H173	0.08041696275857207
	Q13185	P58546	0.20155447940370202
	P04632	Q9UNN8	0.11838382579651507
	Q9ULK4	Q08623	0.09679671379043318
	Q9UJX6	P30154	0.16482976553639933
	O00330	Q6F5E8	0.0848480118661848
	Q9ULK4	P04632	0.07490324621030432
	Q71RC2	Q86XK2	0.23778213898137077
	P31751	O75386	0.10419170981701002
	P63104	P53597	0.07632576632610738
	Q9Y6D5	O14879	0.11397731806712418
	Q9C0J8	P51970	0.1023360399217044
	Q00577	Q9BYG5	0.11280442540776227
	Q92581	Q9Y4G6	0.0738619935414183
	O60942	Q15434	0.3740918829374686
	Q96GX9	Q86XK2	0.09929212772100651
	P45974	Q9UNN8	0.0949934444001282
	Q6F5E8	P53597	0.1116919644467038
	Q96FV9	P63104	0.09893129895132687
	P26641	Q9Y4G6	0.09981621600141283
	Q9UBS4	P61758	0.14676166474298297
	Q9C0J8	Q9Y4G6	0.1124656493299895
	O60942	P53597	0.14224596373694093
	Q14C86	O75386	0.13047001691012625
	Q96FV9	Q9H173	0.11077349108696774
	Q86SQ0	Q9P0T7	0.09337370819674312
	Q4G0F5	O15498	0.14728582869440324
	Q9BQ67	Q9H173	0.11258460263423982
	P63104	Q4G0F5	0.09054659521362637
	O75381	Q08623	0.11272005526441521
	O43617	P58546	0.09847035939814827
	O95881	O75381	0.09244376071607455
	Q8NHQ8	Q92538	0.12962053111581248
	Q86XK2	P62633	0.18748082152261253
	Q71RC2	Q14C86	0.3286559446413049
	O75386	Q16777	0.09524620419467184
	O00330	Q5T280	0.09642972375181318
	P45974	Q08623	0.08372960257511468
	P04075	P26641	0.26779133389106674
	Q13423	Q9ULK4	0.1371727772763889
	P57105	Q9Y4G6	0.0979307428989229
	Q9BSJ2	Q9UBS4	0.07434732688802376
	Q9UGI8	Q4G0F5	0.10323725603661787
	Q6F5E8	Q00577	0.11265486535316842
	O14879	Q9Y4G6	0.20001849568726895
	Q96FV9	Q9BRT3	0.10366229336201828
	P58546	Q53T59	0.08703985012921397
	P0DN86	Q5T280	0.09996105437649512
	Q9UIJ7	P0DN86	0.11053104850587586
	Q7L7L0	P61026	0.28967250164158675
	Q96GX9	P31751	0.07368661882108749
	Q86SQ0	Q14C86	0.23698208613868704
	Q15750	P57105	0.10946582502205886
	O76071	P53597	0.15324146252056486
	P31751	P58546	0.20906574429613206
	P0DN86	P26641	0.09538649163950806
	O76071	Q86XK2	0.21077121085683112
	Q6F5E8	Q6PIJ6	0.13074817489322293
	O43617	Q9BRT3	0.09675816866435384
	Q9BQ67	Q9BRT3	0.08885444072149636
	O76071	Q9BQ67	0.16160166625392106
	O00330	O95772	0.10043294928059836
	Q96GX9	O15498	0.15504227478769902
	O75386	Q9BW66	0.09374690745440516
	Q9H5N1	Q4G0F5	0.14587272126186168
	Q9UGI8	Q15750	0.11626337713292638
	Q9BSJ2	O14879	0.15204620918411227
	P57105	Q08AM6	0.06408185879560412
	O95881	Q9UJX6	0.070886040078279
	Q86XK2	Q6PIJ6	0.3134945634200898
	O15066	O95772	0.07488548713473617
	P27540	Q9Y4G6	0.15783745336811164
	O60942	Q9UGI8	0.168217962137289
	Q8NHQ8	P30154	0.11838328393251354
	P45974	Q9H5N1	0.13718185015031356
	Q13185	Q9UNN8	0.0890826807312149
	Q92581	P13929	0.1463004843202662
	Q86XK2	Q9Y6D5	0.13312157337863267
	Q53T59	P61026	0.11583648975336269
	P27540	Q5T280	0.11476009909077761
	Q9BYG5	Q9H173	0.10760855570195213
	Q53T59	Q9Y4G6	0.11293409704402278
	P26641	Q9BRT3	0.18459515544528882
	Q9HA77	Q9BRT3	0.12380755326574987
	Q96GX9	Q9BSJ2	0.07530341026216616
	Q86SQ0	Q96FV9	0.22727324196446907
	Q92538	P11586	0.1287578859187748
	Q71RC2	P46977	0.11827463716687443
	Q9UNN8	P61026	0.12349238529984673
	Q13423	Q9C0J8	0.19678486268141024
	O15066	Q53T59	0.12947188415206431
	Q9UJX6	P62633	0.09155492165011309
	Q9H5N1	Q9Y6D5	0.08026532940376531
	P45974	O95772	0.07564729015302614
	Q9UGI8	Q9ULK4	0.08004429041824303
	Q53T59	Q9Y259	0.10437233869890482
	Q9HA77	P30154	0.06784459584121928
	Q00577	P53597	0.08304812779739226
	Q8NHQ8	O15498	0.08721223969492026
	Q9UJX6	Q5T280	0.14568823528584085
	P04075	Q9Y4G6	0.08052642186914093
	Q71RC2	Q9H5N1	0.09391229868005542
	Q15750	P63104	0.08755648541184866
	Q9C0J8	P10644	0.10887483529807343
	Q96GX9	Q5T280	0.1158542128674633
	P0DN86	Q4G0F5	0.11546144891142976
	Q4G0F5	O14879	0.09925157996709841
	P83436	Q9BW66	0.12521277960464558
	Q9ULK4	P13929	0.15233035086548039
	Q9HA77	Q15434	0.103389250849615
	Q9UNN8	P53597	0.10024371178390486
	P51970	Q9BYG5	0.08193413035561213
	Q86XK2	Q9Y259	0.11099904619058076
	O76071	P58546	0.12392679099641743
	O15066	P53597	0.1434957978695771
	Q9BW66	P53597	0.07201089729118276
	P63104	Q9P0T7	0.0794179371435019
	P0DN86	Q05639	0.14997892571157256
	Q86XK2	P51970	0.09967188379890052
	P63104	Q6PIJ6	0.1203441008629184
	Q15434	P11586	0.13443597825960876
	P11586	Q08623	0.1280396776388164
	Q9UGI8	Q16777	0.07813901404364577
	P53597	Q8WVK2	0.20523368756500793
	O60942	Q9BRT3	0.10503319914716423
	O00330	Q9HA77	0.09758111724425216
	Q15750	A0A0B4J2D5	0.0854483014412773
	Q9ULK4	P63104	0.07158096210580063
	Q9ULK4	P53597	0.07708227958085394
	Q92581	O14879	0.0864716895900619
	P83436	Q9BRT3	0.1299489272016769
	Q9Y4G6	O15498	0.06571771219654038
	Q92538	P04632	0.12191346522978844
	Q9HA77	Q9H5N1	0.09098688369391544
	P45974	Q8N5A5	0.16544485270743
	Q9UIJ7	Q9BYG5	0.07660663418147119
	O00330	P04632	0.11015413954768358
	O43617	Q9H173	0.12846992233040394
	Q14C86	Q7L7L0	0.1692576250673814
	Q53EP0	Q14C86	0.2417811505320585
	Q92581	Q8TED0	0.08879011326249506
	Q86XK2	Q9BYG5	0.13860780862778624
	Q96FV9	Q9UNN8	0.10304662659358368
	P31751	Q9BYG5	0.3170876299877442
	Q9ULK4	Q96FV9	0.09803014773886894
	O75386	P30154	0.0810544966242841
	Q15750	P11586	0.09981216450331586
	P31751	Q86XK2	0.11727663290967216
	Q15750	Q71RC2	0.09821090020540955
	Q8WVK2	Q9BRT3	0.09996905004057058
	O75386	Q9UJX6	0.08807648289590632
	A0A0B4J2D5	P13929	0.10189304150736862
	P0DN86	Q92581	0.09915376630258252
	Q15434	Q9Y4G6	0.30358346543728704
	Q9BSJ2	Q9HA77	0.07845043612454089
	P83436	Q9Y6D5	0.08310969484040423
	Q9HA77	Q6PIJ6	0.09647674781741399
	Q16777	Q8TED0	0.7252791531356882
	Q9ULK4	Q53T59	0.09325746545138987
	P45974	Q8WVK2	0.12647231856648045
	O43617	Q7L7L0	0.09383262364310066
	P58546	Q9H5N1	0.08290059286104025
	Q92538	Q9BW66	0.08071169766745827
	O95772	Q9BW66	0.1138353007706229
	Q5T280	P08476	0.1424672182823672
	O75381	P08476	0.10566017750944223
	O76071	O75381	0.18311517143274406
	Q9BW66	P10644	0.08279388561399319
	Q71RC2	Q9UNN8	0.09484532304305472
	Q9HA77	P26641	0.11706896164402927
	P13929	Q4G0F5	0.13959079693066334
	Q86SQ0	P04632	0.09509379725142042
	O76071	P57105	0.12269549123933776
	Q6F5E8	P62633	0.16328859229504228
	Q9Y6D5	Q4G0F5	0.09021059965190534
	O43617	Q9Y6D5	0.08050359695169457
	Q71RC2	P61758	0.37593520218662974
	Q9P0T7	Q4G0F5	0.10490887291062018
	P04632	Q9Y6D5	0.07216379065925799
	Q05639	Q9BRT3	0.10709387646378063
	O76071	Q13185	0.2252230429128221
	Q6PIJ6	P08476	0.12659915323778545
	Q13185	Q9HA77	0.09443370645329868
	P83436	O14879	0.1267194498715717
	Q8NHQ8	Q92581	0.09183624714262394
	Q13423	Q9BSJ2	0.08214108131716494
	Q99729	P46977	0.383136875390502
	O95881	Q53T59	0.09817288906329824
	Q8NHQ8	Q9Y6D5	0.11810592718841005
	Q9C0J8	Q53T59	0.11128419929880433
	P46977	Q9H173	0.14890030082534933
	Q05639	O15498	0.11996000149208953
	Q53EP0	P63104	0.11395768690424024
	Q86SQ0	P08476	0.17827049748022097
	Q96GX9	Q99729	0.3918181095150458
	O60942	Q9Y259	0.0922960987977442
	Q9BSJ2	P53597	0.12709110644463673
	Q9UNN8	Q7L7L0	0.21713258591030146
	O43617	O75381	0.10873282955271758
	P31751	P53597	0.22380659478247142
	Q8N5A5	O75381	0.13840878598921322
	Q6F5E8	Q9BW66	0.10544792654634415
	Q9UIJ7	P83436	0.07786237713944061
	Q9UIJ7	Q9ULK4	0.10005326044790162
	Q96FV9	P62633	0.16887211409486255
	Q86XK2	Q99729	0.178490163572496
	P31751	Q9UNN8	0.09159586407034159
	Q9ULK4	Q4G0F5	0.1325855431043613
	O15498	Q9H173	0.08342080772893114
	P45974	O14879	0.17347239896271274
	Q8WVK2	Q8TED0	0.5755359583908136
	Q86SQ0	Q9BYG5	0.20294196807334852
	Q9C0J8	Q4G0F5	0.13198172702294608
	P0DN86	Q7L7L0	0.10542988185069564
	Q96FV9	Q5T280	0.13319652689615652
	Q9BSJ2	P63104	0.08428687411959122
	Q9BYG5	Q9BRT3	0.11703486696069343
	Q15750	Q9Y259	0.11429911425140335
	Q00577	Q8NHQ8	0.13106031223648387
	Q9HA77	Q05639	0.1715658294304396
	P61026	P62633	0.3131431607641724
	Q86SQ0	P11586	0.1746345055390855
	Q00577	O95772	0.1455681517288853
	P31751	Q92581	0.07299573631621202
	O60942	Q86SQ0	0.40647171876692006
	Q9C0J8	P11586	0.12102394290722945
	O00330	Q8NHQ8	0.08787994361157292
	O95772	Q9Y4G6	0.06197867262270282
	O15066	Q99729	0.21513999438020562
	Q86SQ0	Q15434	0.5543026824662219
	Q13423	Q9UIJ7	0.15630032175778022
	A0A0B4J2D5	O14879	0.09361549875846083
	Q13185	A0A0B4J2D5	0.07708204843255992
	P0DN86	Q6PIJ6	0.08396118495798643
	P0DN86	Q9HA77	0.14217087768369754
	P31751	P27540	0.38511606151192523
	Q9C0J8	P46977	0.13205895994908937
	Q9BQ67	O15498	0.0773866733626013
	O00330	Q9BYG5	0.08128113321235877
	P13929	P46977	0.07891431260958344
	O15066	A0A0B4J2D5	0.07180874662038077
	Q99729	P10644	0.13727286277864867
	Q9UGI8	Q86SQ0	0.2048284603750192
	P83436	Q9Y4G6	0.12845924838285758
	P58546	Q9Y6D5	0.14663957330257943
	Q9UBS4	Q8TED0	0.14723112085484033
	Q9HA77	O14879	0.08445455448413942
	O60942	Q9H5N1	0.11275817407333266
	Q14C86	P61026	0.1277808926395231
	Q6F5E8	Q8NHQ8	0.10653455678511654
	Q00577	Q86XK2	0.22133245760314124
	Q92581	Q6PIJ6	0.12208642440571679
	Q13185	Q9P0T7	0.12880584787167657
	Q53EP0	Q9UIJ7	0.11725438598392714
	Q9UJX6	Q9H173	0.10866298343636416
	Q9C0J8	Q9Y6D5	0.12378030857405024
	Q6F5E8	Q15750	0.10153617745585439
	Q96FV9	Q7L7L0	0.20980474248827913
	P11586	P53597	0.6237448559529164
	P11586	P61026	0.1280939327735675
	P10644	P61026	0.14243046452651156
	O43617	P26641	0.09545799195611983
	P0DN86	Q9Y4G6	0.06858235942933233
	O95772	P61758	0.12223997074399662
	O00330	Q9BW66	0.09489731779759966
	Q9UJX6	Q8TED0	0.1065624946731821
	Q15750	Q9BSJ2	0.16974670468212766
	O76071	P61026	0.09468692007362339
	Q9P0T7	Q9BQ67	0.07984617488555265
	Q9H5N1	P46977	0.08563759510073013
	Q6F5E8	Q8WVK2	0.2538691777068246
	Q99729	Q08623	0.20773739212132372
	Q9C0J8	Q8TED0	0.16473200989184225
	Q9H5N1	Q8WVK2	0.10301346450857982
	Q86SQ0	Q4G0F5	0.1144227303040401
	P53597	Q6PIJ6	0.20462490199336514
	O60942	A0A0B4J2D5	0.09521082792328531
	Q9H5N1	Q9Y4G6	0.11217231580223297
	O15066	P83436	0.11195230989400294
	Q9UJX6	Q08AM6	0.04381831348521425
	Q9C0J8	Q6PIJ6	0.15182203654568227
	O75386	Q8TED0	0.11716688109010807
	Q9ULK4	Q9H173	0.10143229374364174
	Q00577	Q08623	0.14616316950866087
	P45974	Q9UBS4	0.09360162429585044
	O76071	Q99729	0.23137850735901438
	Q9C0J8	P83436	0.11252172447026879
	O14879	Q9BYG5	0.16995587300860576
	Q9UGI8	P11586	0.33053420226869673
	O95881	Q71RC2	0.08015352026760518
	Q9C0J8	P27540	0.1653189914363597
	O15066	P31751	0.1703733326667772
	Q5T280	P10644	0.09660686569545578
	Q9ULK4	P46977	0.08404668085421915
	P53597	O75381	0.09639902687596505
	P04075	Q92538	0.09709870937925855
	Q4G0F5	P62633	0.12353440455687915
	P04075	Q9UJX6	0.07894364180785957
	P63104	O14879	0.10712376573440922
	P13929	Q14C86	0.08257481010819502
	Q92581	Q05639	0.1319554987510983
	Q14C86	O14879	0.18090499003601943
	O76071	Q16777	0.06748810143480256
	Q53T59	Q9UJX6	0.12450918149634661
	Q86SQ0	Q9BQ67	0.1818452256297344
	P45974	O43617	0.08317835613180993
	O15498	Q9UBS4	0.20034011616079156
	P45974	P11586	0.267369860406625
	O76071	P61758	0.11342930429402258
	Q00577	Q4G0F5	0.12320003025859425
	Q15750	Q96FV9	0.17046405933891204
	P13929	Q9BW66	0.2227045866242757
	Q4G0F5	O75381	0.14004255636603252
	Q4G0F5	Q8TED0	0.1118702529440735
	Q86XK2	Q15434	0.19053180558840685
	Q05639	Q9H5N1	0.13653937591110865
	P0DN86	P46977	0.08396938372993237
	O75381	Q9UBS4	0.12092775988390193
	Q9HA77	Q08623	0.08487370238458836
	Q8N5A5	Q5T280	0.20697046882060752
	Q86SQ0	Q16777	0.1330421603081379
	Q16777	Q9BYG5	0.10242276293099285
	P57105	Q9BSJ2	0.14362102424397025
	Q96FV9	Q9BQ67	0.1859523608380316
	P13929	Q8WVK2	0.29003885417350467
	O15066	P0DN86	0.08481357397214752
	O15066	Q05639	0.21288504833454
	Q92581	P10644	0.24110465051122468
	O75386	Q9BRT3	0.1326163927588682
	Q9UGI8	Q9HA77	0.08860632209563819
	Q13185	Q9BQ67	0.19197734345007003
	P57105	Q92538	0.13820536115151474
	Q9BQ67	O75381	0.14331323905325347
	Q53T59	P83436	0.26468279620119434
	Q86SQ0	Q9Y259	0.10817083144243839
	O60942	Q71RC2	0.3164401855428949
	P63104	P62633	0.4005898868139793
	P13929	Q16777	0.17370585218964693
	Q9C0J8	Q8WVK2	0.3658325185322297
	O00330	P10644	0.13753208389615434
	P51970	P10644	0.07952479036405105
	P27540	P10644	0.2569037703150703
	O15066	Q96FV9	0.16310251420160138
	P45974	Q71RC2	0.116944665479602
	O95772	P62633	0.09806390977293468
	Q53T59	Q9BQ67	0.10593986526835834
	Q92581	Q8WVK2	0.27441452738587996
	Q9UIJ7	Q13185	0.13337306220165432
	O76071	Q9Y259	0.09106715357671845
	Q16777	P53597	0.07011683124530797
	P57105	Q9UNN8	0.09688741989739438
	P04075	Q8WVK2	0.3005354055979985
	Q9UIJ7	O75381	0.0753615354440422
	P45974	Q53T59	0.10053278786399104
	Q53EP0	P57105	0.19602242171771986
	Q53EP0	P10644	0.18163919380477034
	Q7L7L0	Q9BYG5	0.16629065174290952
	P45974	Q9BQ67	0.12940622201255897
	P04075	Q9Y259	0.15785201171264407
	O95772	Q9BRT3	0.08004650907565235
	P04075	Q08623	0.1187836293227394
	Q14C86	P51970	0.07866539133987958
	Q9Y6D5	Q9BYG5	0.29287049408332383
	P04632	P11586	0.06956810646871649
	P63104	P13929	0.13614838364927648
	O60942	P11586	0.12759207548144114
	Q8NHQ8	Q6PIJ6	0.15374932855716889
	Q71RC2	Q9Y6D5	0.12358697833054984
	P0DN86	A0A0B4J2D5	0.07770951941772562
	Q86XK2	Q9UJX6	0.1081652518770762
	P63104	Q9BQ67	0.08943604795719265
	Q15434	O75381	0.15121825640781103
	P11586	O14879	0.12724571818159353
	P31751	Q96FV9	0.11314752324358648
	Q08AM6	P61758	0.08149069247815204
	Q15750	Q8NHQ8	0.26413618434942043
	O15066	Q15434	0.2372145609469175
	Q9BQ67	P27540	0.18980355546059968
	P13929	P61758	0.12229136430152816
	P04075	Q9BRT3	0.11144097377304465
	Q8NHQ8	Q9BRT3	0.12062170093341476
	Q9HA77	P08476	0.14597274487892065
	P83436	P08476	0.10208775276062725
	Q9Y4G6	P61026	0.09051606580754208
	Q53EP0	P83436	0.127919848891443
	Q9BSJ2	Q92538	0.17547023913908535
	O95881	Q15434	0.08364039834049426
	Q7L7L0	Q9H173	0.07836021185373156
	O95881	Q08AM6	0.09034224699232245
	P83436	P13929	0.11127597236929386
	Q96GX9	Q9UIJ7	0.3159445563187568
	Q08AM6	O14879	0.08723243150907813
	A0A0B4J2D5	Q4G0F5	0.0736617755940537
	Q9BYG5	P08476	0.11302496799411697
	O43617	Q9BSJ2	0.09175870343294648
	O43617	Q05639	0.1393397853576186
	Q9H5N1	Q9BRT3	0.12755339243862465
	Q00577	Q86SQ0	0.1342424456297567
	O15066	Q9H173	0.14007213615018738
	O00330	Q96GX9	0.44890990544953013
	Q92538	Q08623	0.08734665270130203
	Q13423	A0A0B4J2D5	0.07888326221168226
